noise_seed,noise_condition,bit_depth,noise_mean_before,noise_mean_after,particle_sigma,amplitude_snr,interpolation_order,theta_deg,phi_deg,particle_id,top_k,z,y,x,radius_xy,rotated_z,rotated_y,rotated_x,peak_contrast_before,peak_contrast_after,peak_contrast_retention,peak_contrast_drop,integrated_contrast_before,integrated_contrast_after,integrated_contrast_retention,integrated_contrast_drop,peak_cnr_before,peak_cnr_after,peak_cnr_retention,integrated_cnr_before,integrated_cnr_after,integrated_cnr_retention
-1,flat_mean,uint8,128.0,128.0,2.0,5.0,3,15.0,0.1,0,7,512.0,512.0,640.0,128.0,512.2168578206681,478.7247156174707,635.7498162916521,20.0,19.0,0.95,0.050000000000000044,122.0,124.0,1.0163934426229508,-0.016393442622950838,,,,,,
-1,flat_mean,uint8,128.0,128.0,2.0,5.0,3,15.0,0.1,1,7,512.0,512.0,768.0,256.0,512.432647611897,445.595877844348,759.3881337444876,20.0,18.0,0.9,0.09999999999999998,122.0,123.0,1.0081967213114753,-0.008196721311475308,,,,,,
-1,flat_mean,uint8,128.0,128.0,2.0,5.0,3,15.0,0.1,2,7,512.0,512.0,896.0,384.0,512.648437403126,412.46704007122537,883.026451197323,20.0,19.0,0.95,0.050000000000000044,122.0,123.0,1.0081967213114753,-0.008196721311475308,,,,,,
-1,flat_mean,uint8,128.0,128.0,2.0,5.0,3,15.0,0.1,3,7,512.0,545.1288452148438,635.6384887695312,127.99998550969676,512.2244700349838,511.85356497749507,640.1112893934358,20.0,20.0,1.0,0.0,125.0,127.0,1.016,-0.016000000000000014,,,,,,
-1,flat_mean,uint8,128.0,128.0,2.0,5.0,3,15.0,0.1,4,7,512.0,578.2576904296875,759.2770385742188,256.0000299748263,512.447872143425,511.853560767336,768.1111389033988,20.0,19.0,0.95,0.050000000000000044,123.0,123.0,1.0,0.0,,,,,,
-1,flat_mean,uint8,128.0,128.0,2.0,5.0,3,15.0,0.1,5,7,512.0,611.3865356445312,882.91552734375,384.0000154845229,512.6712741489697,511.8535723542378,896.1109294580178,20.0,20.0,1.0,0.0,125.0,126.0,1.008,-0.008000000000000007,,,,,,
-1,flat_mean,uint8,128.0,128.0,2.0,5.0,3,15.0,0.1,6,7,512.0,576.0,622.8512573242188,128.0000048842193,512.216857830176,544.9823897040255,635.7498217392825,20.0,20.0,1.0,0.0,123.0,124.0,1.008130081300813,-0.008130081300812941,,,,,,
-1,flat_mean,uint8,128.0,128.0,2.0,5.0,3,15.0,0.1,7,7,512.0,640.0,733.7025146484375,256.0000097684386,512.4326476309128,578.1112260174577,759.3881446397485,20.0,19.0,0.95,0.050000000000000044,123.0,124.0,1.008130081300813,-0.008130081300812941,,,,,,
-1,flat_mean,uint8,128.0,128.0,2.0,5.0,3,15.0,0.1,8,7,512.0,704.0,844.5537719726562,384.00001465265785,512.6484374316497,611.2400623308902,883.0264675402143,20.0,20.0,1.0,0.0,124.0,126.0,1.0161290322580645,-0.016129032258064502,,,,,,
-1,flat_mean,uint8,128.0,128.0,2.0,5.0,3,15.0,0.1,9,7,512.0,602.5096435546875,602.5096435546875,127.99996544059366,512.1945398111628,575.8535361108901,622.9625517578779,20.0,21.0,1.05,-0.050000000000000044,128.0,128.0,1.0,0.0,,,,,,
-1,flat_mean,uint8,128.0,128.0,2.0,5.0,3,15.0,0.1,10,7,512.0,693.0193481445312,693.0193481445312,256.00001719793306,512.3880117233541,639.8535619895598,733.8136794293201,20.0,19.0,0.95,0.050000000000000044,122.0,123.0,1.0081967213114753,-0.008196721311475308,,,,,,
-1,flat_mean,uint8,128.0,128.0,2.0,5.0,3,15.0,0.1,11,7,512.0,783.5289916992188,783.5289916992188,383.9999826385267,512.5814835050777,703.8535447098566,844.6647323483816,20.0,20.0,1.0,0.0,128.0,130.0,1.015625,-0.015625,,,,,,
-1,flat_mean,uint8,128.0,128.0,2.0,5.0,3,15.0,0.1,12,7,512.0,622.8512573242188,576.0,128.0000048842193,512.1590371229211,602.3632268301101,602.6210304363102,20.0,19.0,0.95,0.050000000000000044,123.0,126.0,1.024390243902439,-0.024390243902439046,,,,,,
-1,flat_mean,uint8,128.0,128.0,2.0,5.0,3,15.0,0.1,13,7,512.0,733.7025146484375,640.0,256.0000097684386,512.317006216403,692.8729002696269,693.1305620338038,20.0,20.0,1.0,0.0,123.0,124.0,1.008130081300813,-0.008130081300812941,,,,,,
-1,flat_mean,uint8,128.0,128.0,2.0,5.0,3,15.0,0.1,14,7,512.0,844.5537719726562,704.0,384.00001465265785,512.4749753098848,783.3825737091437,783.6400936312974,20.0,19.0,0.95,0.050000000000000044,124.0,126.0,1.0161290322580645,-0.016129032258064502,,,,,,
-1,flat_mean,uint8,128.0,128.0,2.0,5.0,3,15.0,0.1,15,7,512.0,635.6384887695312,545.1288452148438,127.99998550969676,512.1127690497251,622.7047867325794,576.1114041506621,20.0,20.0,1.0,0.0,125.0,126.0,1.008,-0.008000000000000007,,,,,,
-1,flat_mean,uint8,128.0,128.0,2.0,5.0,3,15.0,0.1,16,7,512.0,759.2770385742188,578.2576904296875,256.0000299748263,512.2244700975821,733.5560790299992,640.1113252595445,20.0,19.0,0.95,0.050000000000000044,123.0,124.0,1.008130081300813,-0.008130081300812941,,,,,,
-1,flat_mean,uint8,128.0,128.0,2.0,5.0,3,15.0,0.1,17,7,512.0,882.91552734375,611.3865356445312,384.0000154845229,512.3361711178679,844.4073123719852,704.11123057139,20.0,20.0,1.0,0.0,125.0,127.0,1.016,-0.016000000000000014,,,,,,
-1,flat_mean,uint8,128.0,128.0,2.0,5.0,3,15.0,0.1,18,7,384.0,512.0,640.0,128.0,384.21705277576723,478.7247156174707,635.973218322487,20.0,19.0,0.95,0.050000000000000044,122.0,122.0,1.0,0.0,,,,,,
-1,flat_mean,uint8,128.0,128.0,2.0,5.0,3,15.0,0.1,19,7,384.0,512.0,768.0,256.0,384.4328425669962,445.595877844348,759.6115357753225,20.0,18.0,0.9,0.09999999999999998,122.0,123.0,1.0081967213114753,-0.008196721311475308,,,,,,
-1,flat_mean,uint8,128.0,128.0,2.0,5.0,3,15.0,0.1,20,7,384.0,512.0,896.0,384.0,384.64863235822514,412.46704007122537,883.249853228158,20.0,18.0,0.9,0.09999999999999998,122.0,123.0,1.0081967213114753,-0.008196721311475308,,,,,,
-1,flat_mean,uint8,128.0,128.0,2.0,5.0,3,15.0,0.1,21,7,384.0,545.1288452148438,635.6384887695312,127.99998550969676,384.22466499008294,511.85356497749507,640.3346914242708,20.0,20.0,1.0,0.0,125.0,129.0,1.032,-0.03200000000000003,,,,,,
-1,flat_mean,uint8,128.0,128.0,2.0,5.0,3,15.0,0.1,22,7,384.0,578.2576904296875,759.2770385742188,256.0000299748263,384.4480670985242,511.853560767336,768.3345409342337,20.0,19.0,0.95,0.050000000000000044,123.0,124.0,1.008130081300813,-0.008130081300812941,,,,,,
-1,flat_mean,uint8,128.0,128.0,2.0,5.0,3,15.0,0.1,23,7,384.0,611.3865356445312,882.91552734375,384.0000154845229,384.6714691040688,511.8535723542378,896.3343314888529,20.0,19.0,0.95,0.050000000000000044,125.0,125.0,1.0,0.0,,,,,,
-1,flat_mean,uint8,128.0,128.0,2.0,5.0,3,15.0,0.1,24,7,384.0,576.0,622.8512573242188,128.0000048842193,384.2170527852752,544.9823897040255,635.9732237701174,20.0,20.0,1.0,0.0,123.0,124.0,1.008130081300813,-0.008130081300812941,,,,,,
-1,flat_mean,uint8,128.0,128.0,2.0,5.0,3,15.0,0.1,25,7,384.0,640.0,733.7025146484375,256.0000097684386,384.43284258601204,578.1112260174577,759.6115466705834,20.0,19.0,0.95,0.050000000000000044,123.0,124.0,1.008130081300813,-0.008130081300812941,,,,,,
-1,flat_mean,uint8,128.0,128.0,2.0,5.0,3,15.0,0.1,26,7,384.0,704.0,844.5537719726562,384.00001465265785,384.6486323867489,611.2400623308902,883.2498695710493,20.0,19.0,0.95,0.050000000000000044,124.0,126.0,1.0161290322580645,-0.016129032258064502,,,,,,
-1,flat_mean,uint8,128.0,128.0,2.0,5.0,3,15.0,0.1,27,7,384.0,602.5096435546875,602.5096435546875,127.99996544059366,384.19473476626194,575.8535361108901,623.1859537887129,20.0,21.0,1.05,-0.050000000000000044,128.0,129.0,1.0078125,-0.0078125,,,,,,
-1,flat_mean,uint8,128.0,128.0,2.0,5.0,3,15.0,0.1,28,7,384.0,693.0193481445312,693.0193481445312,256.00001719793306,384.38820667845323,639.8535619895598,734.0370814601552,20.0,19.0,0.95,0.050000000000000044,122.0,122.0,1.0,0.0,,,,,,
-1,flat_mean,uint8,128.0,128.0,2.0,5.0,3,15.0,0.1,29,7,384.0,783.5289916992188,783.5289916992188,383.9999826385267,384.5816784601769,703.8535447098566,844.8881343792166,20.0,20.0,1.0,0.0,128.0,129.0,1.0078125,-0.0078125,,,,,,
-1,flat_mean,uint8,128.0,128.0,2.0,5.0,3,15.0,0.1,30,7,384.0,622.8512573242188,576.0,128.0000048842193,384.15923207802024,602.3632268301101,602.8444324671452,20.0,19.0,0.95,0.050000000000000044,123.0,123.0,1.0,0.0,,,,,,
-1,flat_mean,uint8,128.0,128.0,2.0,5.0,3,15.0,0.1,31,7,384.0,733.7025146484375,640.0,256.0000097684386,384.3172011715021,692.8729002696269,693.3539640646388,20.0,19.0,0.95,0.050000000000000044,123.0,124.0,1.008130081300813,-0.008130081300812941,,,,,,
-1,flat_mean,uint8,128.0,128.0,2.0,5.0,3,15.0,0.1,32,7,384.0,844.5537719726562,704.0,384.00001465265785,384.475170264984,783.3825737091437,783.8634956621324,20.0,19.0,0.95,0.050000000000000044,124.0,125.0,1.0080645161290323,-0.008064516129032251,,,,,,
-1,flat_mean,uint8,128.0,128.0,2.0,5.0,3,15.0,0.1,33,7,384.0,635.6384887695312,545.1288452148438,127.99998550969676,384.1129640048242,622.7047867325794,576.3348061814971,20.0,20.0,1.0,0.0,125.0,127.0,1.016,-0.016000000000000014,,,,,,
-1,flat_mean,uint8,128.0,128.0,2.0,5.0,3,15.0,0.1,34,7,384.0,759.2770385742188,578.2576904296875,256.0000299748263,384.2246650526812,733.5560790299992,640.3347272903795,20.0,19.0,0.95,0.050000000000000044,123.0,125.0,1.016260162601626,-0.016260162601626105,,,,,,
-1,flat_mean,uint8,128.0,128.0,2.0,5.0,3,15.0,0.1,35,7,384.0,882.91552734375,611.3865356445312,384.0000154845229,384.3363660729671,844.4073123719852,704.334632602225,20.0,19.0,0.95,0.050000000000000044,125.0,129.0,1.032,-0.03200000000000003,,,,,,
-1,flat_mean,uint8,128.0,128.0,2.0,5.0,3,15.0,0.1,36,7,256.0,512.0,640.0,128.0,256.2172477308664,478.7247156174707,636.196620353322,20.0,19.0,0.95,0.050000000000000044,122.0,124.0,1.0163934426229508,-0.016393442622950838,,,,,,
-1,flat_mean,uint8,128.0,128.0,2.0,5.0,3,15.0,0.1,37,7,256.0,512.0,768.0,256.0,256.43303752209533,445.595877844348,759.8349378061575,20.0,18.0,0.9,0.09999999999999998,122.0,121.0,0.9918032786885246,0.008196721311475419,,,,,,
-1,flat_mean,uint8,128.0,128.0,2.0,5.0,3,15.0,0.1,38,7,256.0,512.0,896.0,384.0,256.64882731332426,412.46704007122537,883.4732552589929,20.0,18.0,0.9,0.09999999999999998,122.0,124.0,1.0163934426229508,-0.016393442622950838,,,,,,
-1,flat_mean,uint8,128.0,128.0,2.0,5.0,3,15.0,0.1,39,7,256.0,545.1288452148438,635.6384887695312,127.99998550969676,256.2248599451821,511.85356497749507,640.5580934551057,20.0,19.0,0.95,0.050000000000000044,125.0,127.0,1.016,-0.016000000000000014,,,,,,
-1,flat_mean,uint8,128.0,128.0,2.0,5.0,3,15.0,0.1,40,7,256.0,578.2576904296875,759.2770385742188,256.0000299748263,256.44826205362335,511.853560767336,768.5579429650687,20.0,19.0,0.95,0.050000000000000044,123.0,123.0,1.0,0.0,,,,,,
-1,flat_mean,uint8,128.0,128.0,2.0,5.0,3,15.0,0.1,41,7,256.0,611.3865356445312,882.91552734375,384.0000154845229,256.671664059168,511.8535723542378,896.5577335196879,20.0,19.0,0.95,0.050000000000000044,125.0,127.0,1.016,-0.016000000000000014,,,,,,
-1,flat_mean,uint8,128.0,128.0,2.0,5.0,3,15.0,0.1,42,7,256.0,576.0,622.8512573242188,128.0000048842193,256.2172477403743,544.9823897040255,636.1966258009525,20.0,19.0,0.95,0.050000000000000044,123.0,123.0,1.0,0.0,,,,,,
-1,flat_mean,uint8,128.0,128.0,2.0,5.0,3,15.0,0.1,43,7,256.0,640.0,733.7025146484375,256.0000097684386,256.43303754111116,578.1112260174577,759.8349487014184,20.0,19.0,0.95,0.050000000000000044,123.0,124.0,1.008130081300813,-0.008130081300812941,,,,,,
-1,flat_mean,uint8,128.0,128.0,2.0,5.0,3,15.0,0.1,44,7,256.0,704.0,844.5537719726562,384.00001465265785,256.648827341848,611.2400623308902,883.4732716018842,20.0,19.0,0.95,0.050000000000000044,124.0,125.0,1.0080645161290323,-0.008064516129032251,,,,,,
-1,flat_mean,uint8,128.0,128.0,2.0,5.0,3,15.0,0.1,45,7,256.0,602.5096435546875,602.5096435546875,127.99996544059366,256.1949297213611,575.8535361108901,623.409355819548,20.0,20.0,1.0,0.0,128.0,128.0,1.0,0.0,,,,,,
-1,flat_mean,uint8,128.0,128.0,2.0,5.0,3,15.0,0.1,46,7,256.0,693.0193481445312,693.0193481445312,256.00001719793306,256.3884016335524,639.8535619895598,734.26048349099,20.0,19.0,0.95,0.050000000000000044,122.0,122.0,1.0,0.0,,,,,,
-1,flat_mean,uint8,128.0,128.0,2.0,5.0,3,15.0,0.1,47,7,256.0,783.5289916992188,783.5289916992188,383.9999826385267,256.581873415276,703.8535447098566,845.1115364100516,20.0,20.0,1.0,0.0,128.0,129.0,1.0078125,-0.0078125,,,,,,
-1,flat_mean,uint8,128.0,128.0,2.0,5.0,3,15.0,0.1,48,7,256.0,622.8512573242188,576.0,128.0000048842193,256.15942703311936,602.3632268301101,603.0678344979802,20.0,19.0,0.95,0.050000000000000044,123.0,123.0,1.0,0.0,,,,,,
-1,flat_mean,uint8,128.0,128.0,2.0,5.0,3,15.0,0.1,49,7,256.0,733.7025146484375,640.0,256.0000097684386,256.3173961266013,692.8729002696269,693.5773660954738,20.0,19.0,0.95,0.050000000000000044,123.0,122.0,0.991869918699187,0.008130081300813052,,,,,,
-1,flat_mean,uint8,128.0,128.0,2.0,5.0,3,15.0,0.1,50,7,256.0,844.5537719726562,704.0,384.00001465265785,256.4753652200832,783.3825737091437,784.0868976929673,20.0,19.0,0.95,0.050000000000000044,124.0,124.0,1.0,0.0,,,,,,
-1,flat_mean,uint8,128.0,128.0,2.0,5.0,3,15.0,0.1,51,7,256.0,635.6384887695312,545.1288452148438,127.99998550969676,256.1131589599234,622.7047867325794,576.5582082123321,20.0,19.0,0.95,0.050000000000000044,125.0,125.0,1.0,0.0,,,,,,
-1,flat_mean,uint8,128.0,128.0,2.0,5.0,3,15.0,0.1,52,7,256.0,759.2770385742188,578.2576904296875,256.0000299748263,256.22486000778036,733.5560790299992,640.5581293212146,20.0,18.0,0.9,0.09999999999999998,123.0,123.0,1.0,0.0,,,,,,
-1,flat_mean,uint8,128.0,128.0,2.0,5.0,3,15.0,0.1,53,7,256.0,882.91552734375,611.3865356445312,384.0000154845229,256.3365610280662,844.4073123719852,704.5580346330601,20.0,19.0,0.95,0.050000000000000044,125.0,128.0,1.024,-0.02400000000000002,,,,,,
-1,flat_mean,uint8,128.0,128.0,2.0,5.0,3,15.0,0.1,54,7,128.0,512.0,640.0,128.0,128.21744268596558,478.7247156174707,636.420022384157,20.0,19.0,0.95,0.050000000000000044,122.0,124.0,1.0163934426229508,-0.016393442622950838,,,,,,
-1,flat_mean,uint8,128.0,128.0,2.0,5.0,3,15.0,0.1,55,7,128.0,512.0,768.0,256.0,128.4332324771945,445.595877844348,760.0583398369926,20.0,19.0,0.95,0.050000000000000044,122.0,122.0,1.0,0.0,,,,,,
-1,flat_mean,uint8,128.0,128.0,2.0,5.0,3,15.0,0.1,56,7,128.0,512.0,896.0,384.0,128.64902226842347,412.46704007122537,883.696657289828,20.0,19.0,0.95,0.050000000000000044,122.0,122.0,1.0,0.0,,,,,,
-1,flat_mean,uint8,128.0,128.0,2.0,5.0,3,15.0,0.1,57,7,128.0,545.1288452148438,635.6384887695312,127.99998550969676,128.2250549002813,511.85356497749507,640.7814954859407,20.0,20.0,1.0,0.0,125.0,127.0,1.016,-0.016000000000000014,,,,,,
-1,flat_mean,uint8,128.0,128.0,2.0,5.0,3,15.0,0.1,58,7,128.0,578.2576904296875,759.2770385742188,256.0000299748263,128.44845700872253,511.853560767336,768.7813449959037,20.0,19.0,0.95,0.050000000000000044,123.0,124.0,1.008130081300813,-0.008130081300812941,,,,,,
-1,flat_mean,uint8,128.0,128.0,2.0,5.0,3,15.0,0.1,59,7,128.0,611.3865356445312,882.91552734375,384.0000154845229,128.67185901426717,511.8535723542378,896.7811355505229,20.0,19.0,0.95,0.050000000000000044,125.0,126.0,1.008,-0.008000000000000007,,,,,,
-1,flat_mean,uint8,128.0,128.0,2.0,5.0,3,15.0,0.1,60,7,128.0,576.0,622.8512573242188,128.0000048842193,128.2174426954735,544.9823897040255,636.4200278317875,20.0,19.0,0.95,0.050000000000000044,123.0,124.0,1.008130081300813,-0.008130081300812941,,,,,,
-1,flat_mean,uint8,128.0,128.0,2.0,5.0,3,15.0,0.1,61,7,128.0,640.0,733.7025146484375,256.0000097684386,128.43323249621037,578.1112260174577,760.0583507322534,20.0,19.0,0.95,0.050000000000000044,123.0,123.0,1.0,0.0,,,,,,
-1,flat_mean,uint8,128.0,128.0,2.0,5.0,3,15.0,0.1,62,7,128.0,704.0,844.5537719726562,384.00001465265785,128.6490222969472,611.2400623308902,883.6966736327192,20.0,20.0,1.0,0.0,124.0,126.0,1.0161290322580645,-0.016129032258064502,,,,,,
-1,flat_mean,uint8,128.0,128.0,2.0,5.0,3,15.0,0.1,63,7,128.0,602.5096435546875,602.5096435546875,127.99996544059366,128.19512467646027,575.8535361108901,623.632757850383,20.0,20.0,1.0,0.0,128.0,129.0,1.0078125,-0.0078125,,,,,,
-1,flat_mean,uint8,128.0,128.0,2.0,5.0,3,15.0,0.1,64,7,128.0,693.0193481445312,693.0193481445312,256.00001719793306,128.38859658865155,639.8535619895598,734.4838855218251,20.0,19.0,0.95,0.050000000000000044,122.0,124.0,1.0163934426229508,-0.016393442622950838,,,,,,
-1,flat_mean,uint8,128.0,128.0,2.0,5.0,3,15.0,0.1,65,7,128.0,783.5289916992188,783.5289916992188,383.9999826385267,128.5820683703752,703.8535447098566,845.3349384408865,20.0,20.0,1.0,0.0,128.0,130.0,1.015625,-0.015625,,,,,,
-1,flat_mean,uint8,128.0,128.0,2.0,5.0,3,15.0,0.1,66,7,128.0,622.8512573242188,576.0,128.0000048842193,128.15962198821853,602.3632268301101,603.2912365288151,20.0,19.0,0.95,0.050000000000000044,123.0,125.0,1.016260162601626,-0.016260162601626105,,,,,,
-1,flat_mean,uint8,128.0,128.0,2.0,5.0,3,15.0,0.1,67,7,128.0,733.7025146484375,640.0,256.0000097684386,128.31759108170044,692.8729002696269,693.8007681263088,20.0,20.0,1.0,0.0,123.0,121.0,0.983739837398374,0.016260162601625994,,,,,,
-1,flat_mean,uint8,128.0,128.0,2.0,5.0,3,15.0,0.1,68,7,128.0,844.5537719726562,704.0,384.00001465265785,128.47556017518235,783.3825737091437,784.3102997238024,20.0,18.0,0.9,0.09999999999999998,124.0,125.0,1.0080645161290323,-0.008064516129032251,,,,,,
-1,flat_mean,uint8,128.0,128.0,2.0,5.0,3,15.0,0.1,69,7,128.0,635.6384887695312,545.1288452148438,127.99998550969676,128.11335391502254,622.7047867325794,576.781610243167,20.0,20.0,1.0,0.0,125.0,126.0,1.008,-0.008000000000000007,,,,,,
-1,flat_mean,uint8,128.0,128.0,2.0,5.0,3,15.0,0.1,70,7,128.0,759.2770385742188,578.2576904296875,256.0000299748263,128.2250549628795,733.5560790299992,640.7815313520496,20.0,19.0,0.95,0.050000000000000044,123.0,124.0,1.008130081300813,-0.008130081300812941,,,,,,
-1,flat_mean,uint8,128.0,128.0,2.0,5.0,3,15.0,0.1,71,7,128.0,882.91552734375,611.3865356445312,384.0000154845229,128.33675598316543,844.4073123719852,704.781436663895,20.0,20.0,1.0,0.0,125.0,129.0,1.032,-0.03200000000000003,,,,,,
-1,flat_mean,uint8,128.0,128.0,2.0,5.0,3,15.0,1.0,0,7,512.0,512.0,640.0,128.0,514.1684006741262,478.7247156174707,635.7232279869054,20.0,19.0,0.95,0.050000000000000044,122.0,124.0,1.0163934426229508,-0.016393442622950838,,,,,,
-1,flat_mean,uint8,128.0,128.0,2.0,5.0,3,15.0,1.0,1,7,512.0,512.0,768.0,256.0,516.3261901280355,445.595877844348,759.3429030086216,20.0,19.0,0.95,0.050000000000000044,122.0,124.0,1.0163934426229508,-0.016393442622950838,,,,,,
-1,flat_mean,uint8,128.0,128.0,2.0,5.0,3,15.0,1.0,2,7,512.0,512.0,896.0,384.0,518.4839795819446,412.46704007122537,882.9625780303377,20.0,19.0,0.95,0.050000000000000044,122.0,122.0,1.0,0.0,,,,,,
-1,flat_mean,uint8,128.0,128.0,2.0,5.0,3,15.0,1.0,3,7,512.0,545.1288452148438,635.6384887695312,127.99998550969676,514.2445189912986,511.85356497749507,640.0840434571105,20.0,20.0,1.0,0.0,125.0,127.0,1.016,-0.016000000000000014,,,,,,
-1,flat_mean,uint8,128.0,128.0,2.0,5.0,3,15.0,1.0,4,7,512.0,578.2576904296875,759.2770385742188,256.0000299748263,516.4784277912944,511.853560767336,768.0645928954863,20.0,19.0,0.95,0.050000000000000044,123.0,123.0,1.0,0.0,,,,,,
-1,flat_mean,uint8,128.0,128.0,2.0,5.0,3,15.0,1.0,5,7,512.0,611.3865356445312,882.91552734375,384.0000154845229,518.7123355623761,511.8535723542378,896.0450833874074,20.0,20.0,1.0,0.0,125.0,125.0,1.0,0.0,,,,,,
-1,flat_mean,uint8,128.0,128.0,2.0,5.0,3,15.0,1.0,6,7,512.0,576.0,622.8512573242188,128.0000048842193,514.1684007692006,544.9823897040255,635.7232334337144,20.0,20.0,1.0,0.0,123.0,124.0,1.008130081300813,-0.008130081300812941,,,,,,
-1,flat_mean,uint8,128.0,128.0,2.0,5.0,3,15.0,1.0,7,7,512.0,640.0,733.7025146484375,256.0000097684386,516.3261903181842,578.1112260174577,759.3429139022396,20.0,20.0,1.0,0.0,123.0,123.0,1.0,0.0,,,,,,
-1,flat_mean,uint8,128.0,128.0,2.0,5.0,3,15.0,1.0,8,7,512.0,704.0,844.5537719726562,384.00001465265785,518.4839798671678,611.2400623308902,882.9625943707648,20.0,19.0,0.95,0.050000000000000044,124.0,124.0,1.0,0.0,,,,,,
-1,flat_mean,uint8,128.0,128.0,2.0,5.0,3,15.0,1.0,9,7,512.0,602.5096435546875,602.5096435546875,127.99996544059366,513.9452317963562,575.8535361108901,622.9378915422802,20.0,21.0,1.05,-0.050000000000000044,128.0,128.0,1.0,0.0,,,,,,
-1,flat_mean,uint8,128.0,128.0,2.0,5.0,3,15.0,1.0,10,7,512.0,693.0193481445312,693.0193481445312,256.00001719793306,515.8798536771063,639.8535619895598,733.7723048604807,20.0,20.0,1.0,0.0,122.0,122.0,1.0,0.0,,,,,,
-1,flat_mean,uint8,128.0,128.0,2.0,5.0,3,15.0,1.0,11,7,512.0,783.5289916992188,783.5289916992188,383.9999826385267,517.8144742532454,703.8535447098566,844.6066434375718,20.0,21.0,1.05,-0.050000000000000044,128.0,130.0,1.015625,-0.015625,,,,,,
-1,flat_mean,uint8,128.0,128.0,2.0,5.0,3,15.0,1.0,12,7,512.0,622.8512573242188,576.0,128.0000048842193,513.59022275799,602.3632268301101,602.5994373557069,20.0,19.0,0.95,0.050000000000000044,123.0,126.0,1.024390243902439,-0.024390243902439046,,,,,,
-1,flat_mean,uint8,128.0,128.0,2.0,5.0,3,15.0,1.0,13,7,512.0,733.7025146484375,640.0,256.0000097684386,515.1698342957629,692.8729002696269,693.0953217462244,20.0,20.0,1.0,0.0,123.0,123.0,1.0,0.0,,,,,,
-1,flat_mean,uint8,128.0,128.0,2.0,5.0,3,15.0,1.0,14,7,512.0,844.5537719726562,704.0,384.00001465265785,516.7494458335359,783.3825737091437,783.591206136742,20.0,19.0,0.95,0.050000000000000044,124.0,126.0,1.0161290322580645,-0.016129032258064502,,,,,,
-1,flat_mean,uint8,128.0,128.0,2.0,5.0,3,15.0,1.0,15,7,512.0,635.6384887695312,545.1288452148438,127.99998550969676,513.1275652808848,622.7047867325794,576.0938082441728,20.0,20.0,1.0,0.0,125.0,127.0,1.016,-0.016000000000000014,,,,,,
-1,flat_mean,uint8,128.0,128.0,2.0,5.0,3,15.0,1.0,16,7,512.0,759.2770385742188,578.2576904296875,256.0000299748263,514.2445196172495,733.5560790299992,640.0840793178113,20.0,19.0,0.95,0.050000000000000044,123.0,124.0,1.008130081300813,-0.008130081300812941,,,,,,
-1,flat_mean,uint8,128.0,128.0,2.0,5.0,3,15.0,1.0,17,7,512.0,882.91552734375,611.3865356445312,384.0000154845229,515.3614736779174,844.4073123719852,704.0743345967949,20.0,20.0,1.0,0.0,125.0,128.0,1.024,-0.02400000000000002,,,,,,
-1,flat_mean,uint8,128.0,128.0,2.0,5.0,3,15.0,1.0,18,7,384.0,512.0,640.0,128.0,386.1878956941081,478.7247156174707,637.9571360108777,20.0,19.0,0.95,0.050000000000000044,122.0,122.0,1.0,0.0,,,,,,
-1,flat_mean,uint8,128.0,128.0,2.0,5.0,3,15.0,1.0,19,7,384.0,512.0,768.0,256.0,388.3456851480173,445.595877844348,761.5768110325939,20.0,18.0,0.9,0.09999999999999998,122.0,122.0,1.0,0.0,,,,,,
-1,flat_mean,uint8,128.0,128.0,2.0,5.0,3,15.0,1.0,20,7,384.0,512.0,896.0,384.0,390.50347460192654,412.46704007122537,885.19648605431,20.0,18.0,0.9,0.09999999999999998,122.0,123.0,1.0081967213114753,-0.008196721311475308,,,,,,
-1,flat_mean,uint8,128.0,128.0,2.0,5.0,3,15.0,1.0,21,7,384.0,545.1288452148438,635.6384887695312,127.99998550969676,386.2640140112805,511.85356497749507,642.3179514810828,20.0,20.0,1.0,0.0,125.0,129.0,1.032,-0.03200000000000003,,,,,,
-1,flat_mean,uint8,128.0,128.0,2.0,5.0,3,15.0,1.0,22,7,384.0,578.2576904296875,759.2770385742188,256.0000299748263,388.49792281127634,511.853560767336,770.2985009194585,20.0,19.0,0.95,0.050000000000000044,123.0,124.0,1.008130081300813,-0.008130081300812941,,,,,,
-1,flat_mean,uint8,128.0,128.0,2.0,5.0,3,15.0,1.0,23,7,384.0,611.3865356445312,882.91552734375,384.0000154845229,390.73183058235793,511.8535723542378,898.2789914113798,20.0,20.0,1.0,0.0,125.0,126.0,1.008,-0.008000000000000007,,,,,,
-1,flat_mean,uint8,128.0,128.0,2.0,5.0,3,15.0,1.0,24,7,384.0,576.0,622.8512573242188,128.0000048842193,386.1878957891825,544.9823897040255,637.9571414576867,20.0,20.0,1.0,0.0,123.0,123.0,1.0,0.0,,,,,,
-1,flat_mean,uint8,128.0,128.0,2.0,5.0,3,15.0,1.0,25,7,384.0,640.0,733.7025146484375,256.0000097684386,388.3456853381661,578.1112260174577,761.5768219262119,20.0,19.0,0.95,0.050000000000000044,123.0,123.0,1.0,0.0,,,,,,
-1,flat_mean,uint8,128.0,128.0,2.0,5.0,3,15.0,1.0,26,7,384.0,704.0,844.5537719726562,384.00001465265785,390.50347488714976,611.2400623308902,885.1965023947371,20.0,19.0,0.95,0.050000000000000044,124.0,125.0,1.0080645161290323,-0.008064516129032251,,,,,,
-1,flat_mean,uint8,128.0,128.0,2.0,5.0,3,15.0,1.0,27,7,384.0,602.5096435546875,602.5096435546875,127.99996544059366,385.96472681633804,575.8535361108901,625.1717995662525,20.0,21.0,1.05,-0.050000000000000044,128.0,128.0,1.0,0.0,,,,,,
-1,flat_mean,uint8,128.0,128.0,2.0,5.0,3,15.0,1.0,28,7,384.0,693.0193481445312,693.0193481445312,256.00001719793306,387.89934869708816,639.8535619895598,736.006212884453,20.0,20.0,1.0,0.0,122.0,123.0,1.0081967213114753,-0.008196721311475308,,,,,,
-1,flat_mean,uint8,128.0,128.0,2.0,5.0,3,15.0,1.0,29,7,384.0,783.5289916992188,783.5289916992188,383.9999826385267,389.83396927322735,703.8535447098566,846.8405514615441,20.0,21.0,1.05,-0.050000000000000044,128.0,127.0,0.9921875,0.0078125,,,,,,
-1,flat_mean,uint8,128.0,128.0,2.0,5.0,3,15.0,1.0,30,7,384.0,622.8512573242188,576.0,128.0000048842193,385.60971777797187,602.3632268301101,604.8333453796791,20.0,19.0,0.95,0.050000000000000044,123.0,126.0,1.024390243902439,-0.024390243902439046,,,,,,
-1,flat_mean,uint8,128.0,128.0,2.0,5.0,3,15.0,1.0,31,7,384.0,733.7025146484375,640.0,256.0000097684386,387.1893293157448,692.8729002696269,695.3292297701967,20.0,19.0,0.95,0.050000000000000044,123.0,124.0,1.008130081300813,-0.008130081300812941,,,,,,
-1,flat_mean,uint8,128.0,128.0,2.0,5.0,3,15.0,1.0,32,7,384.0,844.5537719726562,704.0,384.00001465265785,388.76894085351773,783.3825737091437,785.8251141607143,20.0,19.0,0.95,0.050000000000000044,124.0,124.0,1.0,0.0,,,,,,
-1,flat_mean,uint8,128.0,128.0,2.0,5.0,3,15.0,1.0,33,7,384.0,635.6384887695312,545.1288452148438,127.99998550969676,385.14706030086677,622.7047867325794,578.3277162681451,20.0,20.0,1.0,0.0,125.0,127.0,1.016,-0.016000000000000014,,,,,,
-1,flat_mean,uint8,128.0,128.0,2.0,5.0,3,15.0,1.0,34,7,384.0,759.2770385742188,578.2576904296875,256.0000299748263,386.26401463723136,733.5560790299992,642.3179873417837,20.0,19.0,0.95,0.050000000000000044,123.0,126.0,1.024390243902439,-0.024390243902439046,,,,,,
-1,flat_mean,uint8,128.0,128.0,2.0,5.0,3,15.0,1.0,35,7,384.0,882.91552734375,611.3865356445312,384.0000154845229,387.3809686978992,844.4073123719852,706.3082426207671,20.0,19.0,0.95,0.050000000000000044,125.0,128.0,1.024,-0.02400000000000002,,,,,,
-1,flat_mean,uint8,128.0,128.0,2.0,5.0,3,15.0,1.0,36,7,256.0,512.0,640.0,128.0,258.20739071409,478.7247156174707,640.1910440348499,20.0,19.0,0.95,0.050000000000000044,122.0,123.0,1.0081967213114753,-0.008196721311475308,,,,,,
-1,flat_mean,uint8,128.0,128.0,2.0,5.0,3,15.0,1.0,37,7,256.0,512.0,768.0,256.0,260.36518016799926,445.595877844348,763.8107190565662,20.0,19.0,0.95,0.050000000000000044,122.0,122.0,1.0,0.0,,,,,,
-1,flat_mean,uint8,128.0,128.0,2.0,5.0,3,15.0,1.0,38,7,256.0,512.0,896.0,384.0,262.52296962190843,412.46704007122537,887.4303940782823,20.0,18.0,0.9,0.09999999999999998,122.0,125.0,1.0245901639344261,-0.024590163934426146,,,,,,
-1,flat_mean,uint8,128.0,128.0,2.0,5.0,3,15.0,1.0,39,7,256.0,545.1288452148438,635.6384887695312,127.99998550969676,258.28350903126244,511.85356497749507,644.5518595050551,20.0,19.0,0.95,0.050000000000000044,125.0,127.0,1.016,-0.016000000000000014,,,,,,
-1,flat_mean,uint8,128.0,128.0,2.0,5.0,3,15.0,1.0,40,7,256.0,578.2576904296875,759.2770385742188,256.0000299748263,260.51741783125823,511.853560767336,772.5324089434308,20.0,19.0,0.95,0.050000000000000044,123.0,124.0,1.008130081300813,-0.008130081300812941,,,,,,
-1,flat_mean,uint8,128.0,128.0,2.0,5.0,3,15.0,1.0,41,7,256.0,611.3865356445312,882.91552734375,384.0000154845229,262.7513256023399,511.8535723542378,900.5128994353521,20.0,19.0,0.95,0.050000000000000044,125.0,126.0,1.008,-0.008000000000000007,,,,,,
-1,flat_mean,uint8,128.0,128.0,2.0,5.0,3,15.0,1.0,42,7,256.0,576.0,622.8512573242188,128.0000048842193,258.20739080916445,544.9823897040255,640.191049481659,20.0,20.0,1.0,0.0,123.0,124.0,1.008130081300813,-0.008130081300812941,,,,,,
-1,flat_mean,uint8,128.0,128.0,2.0,5.0,3,15.0,1.0,43,7,256.0,640.0,733.7025146484375,256.0000097684386,260.36518035814805,578.1112260174577,763.8107299501843,20.0,19.0,0.95,0.050000000000000044,123.0,124.0,1.008130081300813,-0.008130081300812941,,,,,,
-1,flat_mean,uint8,128.0,128.0,2.0,5.0,3,15.0,1.0,44,7,256.0,704.0,844.5537719726562,384.00001465265785,262.52296990713165,611.2400623308902,887.4304104187094,20.0,19.0,0.95,0.050000000000000044,124.0,125.0,1.0080645161290323,-0.008064516129032251,,,,,,
-1,flat_mean,uint8,128.0,128.0,2.0,5.0,3,15.0,1.0,45,7,256.0,602.5096435546875,602.5096435546875,127.99996544059366,257.98422183632,575.8535361108901,627.4057075902248,20.0,20.0,1.0,0.0,128.0,128.0,1.0,0.0,,,,,,
-1,flat_mean,uint8,128.0,128.0,2.0,5.0,3,15.0,1.0,46,7,256.0,693.0193481445312,693.0193481445312,256.00001719793306,259.9188437170701,639.8535619895598,738.2401209084253,20.0,20.0,1.0,0.0,122.0,123.0,1.0081967213114753,-0.008196721311475308,,,,,,
-1,flat_mean,uint8,128.0,128.0,2.0,5.0,3,15.0,1.0,47,7,256.0,783.5289916992188,783.5289916992188,383.9999826385267,261.85346429320924,703.8535447098566,849.0744594855164,20.0,21.0,1.05,-0.050000000000000044,128.0,130.0,1.015625,-0.015625,,,,,,
-1,flat_mean,uint8,128.0,128.0,2.0,5.0,3,15.0,1.0,48,7,256.0,622.8512573242188,576.0,128.0000048842193,257.62921279795376,602.3632268301101,607.0672534036514,20.0,19.0,0.95,0.050000000000000044,123.0,124.0,1.008130081300813,-0.008130081300812941,,,,,,
-1,flat_mean,uint8,128.0,128.0,2.0,5.0,3,15.0,1.0,49,7,256.0,733.7025146484375,640.0,256.0000097684386,259.2088243357267,692.8729002696269,697.5631377941689,20.0,19.0,0.95,0.050000000000000044,123.0,123.0,1.0,0.0,,,,,,
-1,flat_mean,uint8,128.0,128.0,2.0,5.0,3,15.0,1.0,50,7,256.0,844.5537719726562,704.0,384.00001465265785,260.7884358734997,783.3825737091437,788.0590221846866,20.0,19.0,0.95,0.050000000000000044,124.0,125.0,1.0080645161290323,-0.008064516129032251,,,,,,
-1,flat_mean,uint8,128.0,128.0,2.0,5.0,3,15.0,1.0,51,7,256.0,635.6384887695312,545.1288452148438,127.99998550969676,257.16655532084866,622.7047867325794,580.5616242921174,20.0,19.0,0.95,0.050000000000000044,125.0,126.0,1.008,-0.008000000000000007,,,,,,
-1,flat_mean,uint8,128.0,128.0,2.0,5.0,3,15.0,1.0,52,7,256.0,759.2770385742188,578.2576904296875,256.0000299748263,258.2835096572133,733.5560790299992,644.551895365756,20.0,18.0,0.9,0.09999999999999998,123.0,124.0,1.008130081300813,-0.008130081300812941,,,,,,
-1,flat_mean,uint8,128.0,128.0,2.0,5.0,3,15.0,1.0,53,7,256.0,882.91552734375,611.3865356445312,384.0000154845229,259.40046371788117,844.4073123719852,708.5421506447394,20.0,19.0,0.95,0.050000000000000044,125.0,129.0,1.032,-0.03200000000000003,,,,,,
-1,flat_mean,uint8,128.0,128.0,2.0,5.0,3,15.0,1.0,54,7,128.0,512.0,640.0,128.0,130.22688573407194,478.7247156174707,642.4249520588222,20.0,19.0,0.95,0.050000000000000044,122.0,124.0,1.0163934426229508,-0.016393442622950838,,,,,,
-1,flat_mean,uint8,128.0,128.0,2.0,5.0,3,15.0,1.0,55,7,128.0,512.0,768.0,256.0,132.38467518798117,445.595877844348,766.0446270805385,20.0,19.0,0.95,0.050000000000000044,122.0,121.0,0.9918032786885246,0.008196721311475419,,,,,,
-1,flat_mean,uint8,128.0,128.0,2.0,5.0,3,15.0,1.0,56,7,128.0,512.0,896.0,384.0,134.54246464189038,412.46704007122537,889.6643021022546,20.0,18.0,0.9,0.09999999999999998,122.0,123.0,1.0081967213114753,-0.008196721311475308,,,,,,
-1,flat_mean,uint8,128.0,128.0,2.0,5.0,3,15.0,1.0,57,7,128.0,545.1288452148438,635.6384887695312,127.99998550969676,130.30300405124436,511.85356497749507,646.7857675290273,20.0,20.0,1.0,0.0,125.0,127.0,1.016,-0.016000000000000014,,,,,,
-1,flat_mean,uint8,128.0,128.0,2.0,5.0,3,15.0,1.0,58,7,128.0,578.2576904296875,759.2770385742188,256.0000299748263,132.53691285124017,511.853560767336,774.7663169674031,20.0,19.0,0.95,0.050000000000000044,123.0,124.0,1.008130081300813,-0.008130081300812941,,,,,,
-1,flat_mean,uint8,128.0,128.0,2.0,5.0,3,15.0,1.0,59,7,128.0,611.3865356445312,882.91552734375,384.0000154845229,134.7708206223218,511.8535723542378,902.7468074593244,20.0,20.0,1.0,0.0,125.0,126.0,1.008,-0.008000000000000007,,,,,,
-1,flat_mean,uint8,128.0,128.0,2.0,5.0,3,15.0,1.0,60,7,128.0,576.0,622.8512573242188,128.0000048842193,130.22688582914637,544.9823897040255,642.4249575056313,20.0,19.0,0.95,0.050000000000000044,123.0,125.0,1.016260162601626,-0.016260162601626105,,,,,,
-1,flat_mean,uint8,128.0,128.0,2.0,5.0,3,15.0,1.0,61,7,128.0,640.0,733.7025146484375,256.0000097684386,132.38467537812997,578.1112260174577,766.0446379741566,20.0,20.0,1.0,0.0,123.0,124.0,1.008130081300813,-0.008130081300812941,,,,,,
-1,flat_mean,uint8,128.0,128.0,2.0,5.0,3,15.0,1.0,62,7,128.0,704.0,844.5537719726562,384.00001465265785,134.5424649271136,611.2400623308902,889.6643184426816,20.0,19.0,0.95,0.050000000000000044,124.0,125.0,1.0080645161290323,-0.008064516129032251,,,,,,
-1,flat_mean,uint8,128.0,128.0,2.0,5.0,3,15.0,1.0,63,7,128.0,602.5096435546875,602.5096435546875,127.99996544059366,130.0037168563019,575.8535361108901,629.639615614197,20.0,21.0,1.05,-0.050000000000000044,128.0,129.0,1.0078125,-0.0078125,,,,,,
-1,flat_mean,uint8,128.0,128.0,2.0,5.0,3,15.0,1.0,64,7,128.0,693.0193481445312,693.0193481445312,256.00001719793306,131.93833873705202,639.8535619895598,740.4740289323976,20.0,19.0,0.95,0.050000000000000044,122.0,123.0,1.0081967213114753,-0.008196721311475308,,,,,,
-1,flat_mean,uint8,128.0,128.0,2.0,5.0,3,15.0,1.0,65,7,128.0,783.5289916992188,783.5289916992188,383.9999826385267,133.8729593131912,703.8535447098566,851.3083675094887,20.0,20.0,1.0,0.0,128.0,129.0,1.0078125,-0.0078125,,,,,,
-1,flat_mean,uint8,128.0,128.0,2.0,5.0,3,15.0,1.0,66,7,128.0,622.8512573242188,576.0,128.0000048842193,129.6487078179357,602.3632268301101,609.3011614276237,20.0,19.0,0.95,0.050000000000000044,123.0,127.0,1.032520325203252,-0.03252032520325199,,,,,,
-1,flat_mean,uint8,128.0,128.0,2.0,5.0,3,15.0,1.0,67,7,128.0,733.7025146484375,640.0,256.0000097684386,131.22831935570866,692.8729002696269,699.7970458181412,20.0,20.0,1.0,0.0,123.0,123.0,1.0,0.0,,,,,,
-1,flat_mean,uint8,128.0,128.0,2.0,5.0,3,15.0,1.0,68,7,128.0,844.5537719726562,704.0,384.00001465265785,132.8079308934816,783.3825737091437,790.2929302086588,20.0,19.0,0.95,0.050000000000000044,124.0,125.0,1.0080645161290323,-0.008064516129032251,,,,,,
-1,flat_mean,uint8,128.0,128.0,2.0,5.0,3,15.0,1.0,69,7,128.0,635.6384887695312,545.1288452148438,127.99998550969676,129.1860503408306,622.7047867325794,582.7955323160896,20.0,20.0,1.0,0.0,125.0,127.0,1.016,-0.016000000000000014,,,,,,
-1,flat_mean,uint8,128.0,128.0,2.0,5.0,3,15.0,1.0,70,7,128.0,759.2770385742188,578.2576904296875,256.0000299748263,130.30300467719522,733.5560790299992,646.7858033897282,20.0,19.0,0.95,0.050000000000000044,123.0,125.0,1.016260162601626,-0.016260162601626105,,,,,,
-1,flat_mean,uint8,128.0,128.0,2.0,5.0,3,15.0,1.0,71,7,128.0,882.91552734375,611.3865356445312,384.0000154845229,131.41995873786308,844.4073123719852,710.7760586687117,20.0,19.0,0.95,0.050000000000000044,125.0,128.0,1.024,-0.02400000000000002,,,,,,
10,realized,uint8,127.50043097842384,127.49979684640266,2.0,5.0,3,15.0,0.1,0,7,512.0,512.0,640.0,128.0,512.2168578206681,478.7247156174707,635.7498162916521,21.499569021576164,19.50020315359734,0.9070043745540975,0.09299562544590245,138.4969831510332,143.50142207518138,1.0361339201063373,-0.036133920106337314,5.365373186682646,5.550576118638087,1.0345181827081724,13.06308288683747,15.445538106043177,1.1823807779407338
10,realized,uint8,127.50043097842384,127.49979684640266,2.0,5.0,3,15.0,0.1,1,7,512.0,512.0,768.0,256.0,512.432647611897,445.595877844348,759.3881337444876,22.499569021576164,17.50020315359734,0.7778017053044599,0.2221982946955401,121.49698315103319,123.50142207518138,1.0164978493470613,-0.016497849347061333,5.614930430425447,4.981292191192015,0.8871511860948523,11.459637064237397,13.292871201048863,1.1599731410807521
10,realized,uint8,127.50043097842384,127.49979684640266,2.0,5.0,3,15.0,0.1,2,7,512.0,512.0,896.0,384.0,512.648437403126,412.46704007122537,883.026451197323,14.499569021576164,17.50020315359734,1.2069464359634459,-0.20694643596344586,108.49698315103319,98.50142207518138,0.9078724515138131,0.09212754848618687,3.6184724804830424,4.9865686471622075,1.3780866578530766,10.23347261166087,10.603641163614062,1.0361723303516142
10,realized,uint8,127.50043097842384,127.49979684640266,2.0,5.0,3,15.0,0.1,3,7,512.0,545.1288452148438,635.6384887695312,127.99998550969676,512.2244700349838,511.85356497749507,640.1112893934358,19.499569021576164,20.50020315359734,1.0513157050247612,-0.05131570502476124,121.49698315103319,131.50142207518138,1.0823431056861028,-0.08234310568610281,4.866258699197045,5.835218082361123,1.1991179349597587,11.45897760818393,14.149075686838858,1.234758996014939
10,realized,uint8,127.50043097842384,127.49979684640266,2.0,5.0,3,15.0,0.1,4,7,512.0,578.2576904296875,759.2770385742188,256.0000299748263,512.447872143425,511.853560767336,768.1111389033988,14.499569021576164,16.50020315359734,1.1379788688232126,-0.13797886882321264,101.49698315103319,111.50142207518138,1.0985688304573646,-0.09856883045736464,3.6184724804830424,4.701625175169588,1.2993397629880419,9.573230214119663,12.001271058052273,1.2536281683011723
10,realized,uint8,127.50043097842384,127.49979684640266,2.0,5.0,3,15.0,0.1,5,7,512.0,611.3865356445312,882.91552734375,384.0000154845229,512.6712741489697,511.8535723542378,896.1109294580178,21.499569021576164,19.50020315359734,0.9070043745540975,0.09299562544590245,131.4969831510332,126.50142207518138,0.9620100708309477,0.037989929169052306,5.365373186682646,5.556455591147445,1.0356140007071797,12.402840489296263,13.62195233527315,1.0982929553136629
10,realized,uint8,127.50043097842384,127.49979684640266,2.0,5.0,3,15.0,0.1,6,7,512.0,576.0,622.8512573242188,128.0000048842193,512.216857830176,544.9823897040255,635.7498217392825,22.499569021576164,22.50020315359734,1.0000281841852423,-2.8184185242308146e-05,126.49698315103319,123.50142207518138,0.9763191105334488,0.023680889466551225,5.614930430425447,6.404502009807195,1.140620011087461,11.93123877676683,13.29086152152448,1.1139548684085665
10,realized,uint8,127.50043097842384,127.49979684640266,2.0,5.0,3,15.0,0.1,7,7,512.0,640.0,733.7025146484375,256.0000097684386,512.4326476309128,578.1112260174577,759.3881446397485,13.499569021576164,16.50020315359734,1.222276290985683,-0.22227629098568302,103.49698315103319,107.50142207518138,1.038691358938497,-0.038691358938496956,3.368915236740242,4.696650227468979,1.3941135046227673,9.76207777560345,11.568988357870229,1.1850948767057004
10,realized,uint8,127.50043097842384,127.49979684640266,2.0,5.0,3,15.0,0.1,8,7,512.0,704.0,844.5537719726562,384.00001465265785,512.6484374316497,611.2400623308902,883.0264675402143,28.499569021576164,29.50020315359734,1.035110500487345,-0.0351105004873451,157.4969831510332,165.50142207518138,1.0508228079294208,-0.05082280792942084,7.11227389288225,8.405890311073636,1.1818850676555073,14.853999798344018,17.816166048989775,1.1994187620075227
10,realized,uint8,127.50043097842384,127.49979684640266,2.0,5.0,3,15.0,0.1,9,7,512.0,602.5096435546875,602.5096435546875,127.99996544059366,512.1945398111628,575.8535361108901,622.9625517578779,23.499569021576164,22.50020315359734,0.9574730129279709,0.042526987072029065,154.4969831510332,146.50142207518138,0.9482477850843501,0.05175221491564985,5.864487674168247,6.404502009807195,1.0920820991776639,14.572517185506248,15.768438141792325,1.0820668756853848
10,realized,uint8,127.50043097842384,127.49979684640266,2.0,5.0,3,15.0,0.1,10,7,512.0,693.0193481445312,693.0193481445312,256.00001719793306,512.3880117233541,639.8535619895598,733.8136794293201,15.499569021576164,14.50020315359734,0.9355229899239355,0.06447701007606454,113.49698315103319,115.50142207518138,1.0176607242633122,-0.017660724263312222,3.868029724225843,4.13173823118435,1.0681764427266098,10.705074324190303,12.431804439051136,1.1613001519250488
10,realized,uint8,127.50043097842384,127.49979684640266,2.0,5.0,3,15.0,0.1,11,7,512.0,783.5289916992188,783.5289916992188,383.9999826385267,512.5814835050777,703.8535447098566,844.6647323483816,17.499569021576164,13.50020315359734,0.771459179191911,0.22854082080808902,102.49698315103319,95.50142207518138,0.9317486148295352,0.0682513851704648,4.367144211711444,3.8427243362998706,0.8799169777803015,9.666994227947685,10.282247747940955,1.0636447592173528
10,realized,uint8,127.50043097842384,127.49979684640266,2.0,5.0,3,15.0,0.1,12,7,512.0,622.8512573242188,576.0,128.0000048842193,512.1590371229211,602.3632268301101,602.6210304363102,19.499569021576164,19.50020315359734,1.0000325203095757,-3.252030957567875e-05,128.4969831510332,134.50142207518138,1.0467282482195763,-0.04672824821957633,4.866258699197045,5.550576118638087,1.140624956818255,12.119879461778604,14.476837998795736,1.1944704602426175
10,realized,uint8,127.50043097842384,127.49979684640266,2.0,5.0,3,15.0,0.1,13,7,512.0,733.7025146484375,640.0,256.0000097684386,512.317006216403,692.8729002696269,693.1305620338038,21.499569021576164,21.50020315359734,1.000029495103857,-2.9495103857080096e-05,123.49698315103319,125.50142207518138,1.0162306711711073,-0.016230671171107325,5.365373186682646,6.119860046084159,1.1406215063053244,11.64827774924917,13.508137891548294,1.1596682515935892
10,realized,uint8,127.50043097842384,127.49979684640266,2.0,5.0,3,15.0,0.1,14,7,512.0,844.5537719726562,704.0,384.00001465265785,512.4749753098848,783.3825737091437,783.6400936312974,20.499569021576164,20.50020315359734,1.0000309339196598,-3.093391965980352e-05,118.49698315103319,121.50142207518138,1.025354560464369,-0.025354560464369014,5.115815942939846,5.835218082361123,1.1406231474011683,11.176912896163097,13.077604510549431,1.1700551513682118
10,realized,uint8,127.50043097842384,127.49979684640266,2.0,5.0,3,15.0,0.1,15,7,512.0,635.6384887695312,545.1288452148438,127.99998550969676,512.1127690497251,622.7047867325794,576.1114041506621,19.499569021576164,19.50020315359734,1.0000325203095757,-3.252030957567875e-05,139.4969831510332,147.50142207518138,1.0573807314204193,-0.05738073142041933,4.866258699197045,5.550576118638087,1.140624956818255,13.1566460736709,15.873671267005859,1.20651351249558
10,realized,uint8,127.50043097842384,127.49979684640266,2.0,5.0,3,15.0,0.1,16,7,512.0,759.2770385742188,578.2576904296875,256.0000299748263,512.2244700975821,733.5560790299992,640.1113252595445,24.499569021576164,21.50020315359734,0.8775747497706039,0.1224252502293961,131.4969831510332,130.50142207518138,0.9924290196474824,0.007570980352517576,6.114044917911047,6.119860046084159,1.0009511098219244,12.402126755676692,14.044181030623216,1.1324010234127726
10,realized,uint8,127.50043097842384,127.49979684640266,2.0,5.0,3,15.0,0.1,17,7,512.0,882.91552734375,611.3865356445312,384.0000154845229,512.3361711178679,844.4073123719852,704.11123057139,28.499569021576164,24.50020315359734,0.8596692509647769,0.14033074903522313,145.4969831510332,146.50142207518138,1.00690350344313,-0.006903503443129955,7.11227389288225,6.973785937253267,0.9805283151753229,13.72361611317046,15.768438141792325,1.1490002351974467
10,realized,uint8,127.50043097842384,127.49979684640266,2.0,5.0,3,15.0,0.1,18,7,384.0,512.0,640.0,128.0,384.21705277576723,478.7247156174707,635.973218322487,27.499569021576164,27.50020315359734,1.000023059707615,-2.305970761495857e-05,169.4969831510332,162.50142207518138,0.9587275186507698,0.04127248134923023,6.856469716907008,7.934802089094232,1.1572722431090479,15.973738872841645,17.71701943836487,1.1091341594726534
10,realized,uint8,127.50043097842384,127.49979684640266,2.0,5.0,3,15.0,0.1,19,7,384.0,512.0,768.0,256.0,384.4328425669962,445.595877844348,759.6115357753225,23.499569021576164,19.50020315359734,0.8298110972032381,0.1701889027967619,127.49698315103319,132.50142207518138,1.0392514301159574,-0.03925143011595744,5.859149400864612,5.626513079074677,0.9602952056905041,12.015573835405345,14.446213704092324,1.2022907854408755
10,realized,uint8,127.50043097842384,127.49979684640266,2.0,5.0,3,15.0,0.1,20,7,384.0,512.0,896.0,384.0,384.64863235822514,412.46704007122537,883.249853228158,13.499569021576164,15.50020315359734,1.1481998520710988,-0.14819985207109876,96.49698315103319,96.50142207518138,1.0000460006520746,-4.600065207460702e-05,3.3658486107586207,4.469542765488681,1.3279096246938158,9.094071069678554,10.520296892326241,1.1568302921452867
10,realized,uint8,127.50043097842384,127.49979684640266,2.0,5.0,3,15.0,0.1,21,7,384.0,545.1288452148438,635.6384887695312,127.99998550969676,384.22466499008294,511.85356497749507,640.3346914242708,15.499569021576164,20.50020315359734,1.3226305276656434,-0.3226305276656434,106.49698315103319,100.50142207518138,0.9437020571057027,0.05629794289429735,3.864508768779819,5.915049205327121,1.5306083021762014,10.03770805146619,10.9583438276602,1.091717727938853
10,realized,uint8,127.50043097842384,127.49979684640266,2.0,5.0,3,15.0,0.1,22,7,384.0,578.2576904296875,759.2770385742188,256.0000299748263,384.4480670985242,511.853560767336,768.3345409342337,24.499569021576164,21.50020315359734,0.8775747497706039,0.1224252502293961,127.49698315103319,142.50142207518138,1.117684658517558,-0.11768465851755794,6.108479479875211,6.203585331579565,1.0155694804276068,12.015573835405345,15.535079541539316,1.2929119952443155
10,realized,uint8,127.50043097842384,127.49979684640266,2.0,5.0,3,15.0,0.1,23,7,384.0,611.3865356445312,882.91552734375,384.0000154845229,384.6714691040688,511.8535723542378,896.3343314888529,22.499569021576164,20.50020315359734,0.9111375926329294,0.08886240736707063,137.4969831510332,145.50142207518138,1.0582153785538388,-0.05821537855383885,5.609819321854013,5.91131185754454,1.0537437158655023,12.957994082413988,15.8621305838793,1.2241192952392743
10,realized,uint8,127.50043097842384,127.49979684640266,2.0,5.0,3,15.0,0.1,24,7,384.0,576.0,622.8512573242188,128.0000048842193,384.2170527852752,544.9823897040255,635.9732237701174,26.499569021576164,26.50020315359734,1.0000239298994131,-2.392989941313317e-05,163.4969831510332,159.50142207518138,0.9755618666543783,0.024438133345621726,6.607139637896409,7.646265962841787,1.1572732501346403,15.40828672463646,17.391509373798417,1.1287114320108649
10,realized,uint8,127.50043097842384,127.49979684640266,2.0,5.0,3,15.0,0.1,25,7,384.0,640.0,733.7025146484375,256.0000097684386,384.43284258601204,578.1112260174577,759.6115466705834,19.499569021576164,18.50020315359734,0.9487493355943902,0.05125066440560977,138.4969831510332,134.50142207518138,0.9711505551605079,0.028849444839492144,4.861829084822215,5.337976952822232,1.0979359536694673,13.051223821007662,14.662943428632694,1.1234918372199516
10,realized,uint8,127.50043097842384,127.49979684640266,2.0,5.0,3,15.0,0.1,26,7,384.0,704.0,844.5537719726562,384.00001465265785,384.6486323867489,611.2400623308902,883.2498695710493,12.499569021576164,16.50020315359734,1.3200617657389204,-0.3200617657389204,94.49698315103319,102.50142207518138,1.0847057615728832,-0.08470576157288323,3.1165185317480217,4.757896583899853,1.5266703969288447,8.90735775274486,11.174398977006206,1.2545133233884922
10,realized,uint8,127.50043097842384,127.49979684640266,2.0,5.0,3,15.0,0.1,27,7,384.0,602.5096435546875,602.5096435546875,127.99996544059366,384.19473476626194,575.8535361108901,623.1859537887129,18.499569021576164,23.50020315359734,1.2703108448736782,-0.2703108448736782,128.4969831510332,134.50142207518138,1.0467282482195763,-0.04672824821957633,4.612499005811617,6.780657584084454,1.4700615817024612,12.108876664840722,14.66608277539727,1.2111844212586325
10,realized,uint8,127.50043097842384,127.49979684640266,2.0,5.0,3,15.0,0.1,28,7,384.0,693.0193481445312,693.0193481445312,256.00001719793306,384.38820667845323,639.8535619895598,734.0370814601552,19.499569021576164,18.50020315359734,0.9487493355943902,0.05125066440560977,128.4969831510332,123.50142207518138,0.9611231255913603,0.03887687440863974,4.861829084822215,5.337976952822232,1.0979359536694673,12.10981586010621,13.464971983810562,1.1119055928974684
10,realized,uint8,127.50043097842384,127.49979684640266,2.0,5.0,3,15.0,0.1,29,7,384.0,783.5289916992188,783.5289916992188,383.9999826385267,384.5816784601769,703.8535447098566,844.8881343792166,23.499569021576164,19.50020315359734,0.8298110972032381,0.1701889027967619,119.49698315103319,109.50142207518138,0.9163530257226801,0.08364697427731993,5.859149400864612,5.626513079074677,0.9602952056905041,11.263002898400964,11.937518075799503,1.059887685680548
10,realized,uint8,127.50043097842384,127.49979684640266,2.0,5.0,3,15.0,0.1,30,7,384.0,622.8512573242188,576.0,128.0000048842193,384.15923207802024,602.3632268301101,602.8444324671452,16.499569021576164,16.50020315359734,1.0000384332475805,-3.843324758046052e-05,106.49698315103319,108.50142207518138,1.0188215559243168,-0.01882155592431678,4.113838847790418,4.760904700317344,1.157290034069874,10.036491316687195,11.829569116674291,1.178655841310382
10,realized,uint8,127.50043097842384,127.49979684640266,2.0,5.0,3,15.0,0.1,31,7,384.0,733.7025146484375,640.0,256.0000097684386,384.3172011715021,692.8729002696269,693.3539640646388,21.499569021576164,20.50020315359734,0.9535169348289774,0.04648306517102263,134.4969831510332,136.50142207518138,1.0149032259102593,-0.014903225910259277,5.360489242843413,5.915049205327121,1.1034532367029894,12.675268008311395,14.883665177846229,1.1742288343005252
10,realized,uint8,127.50043097842384,127.49979684640266,2.0,5.0,3,15.0,0.1,32,7,384.0,844.5537719726562,704.0,384.00001465265785,384.475170264984,783.3825737091437,783.8634956621324,17.499569021576164,17.50020315359734,1.0000362370079168,-3.623700791677287e-05,117.49698315103319,121.50142207518138,1.0340812063148956,-0.03408120631489564,4.363168926801017,5.049440826569787,1.1572874924812802,11.07229479305709,13.245722245159435,1.1962942183823717
10,realized,uint8,127.50043097842384,127.49979684640266,2.0,5.0,3,15.0,0.1,33,7,384.0,635.6384887695312,545.1288452148438,127.99998550969676,384.1129640048242,622.7047867325794,576.3348061814971,24.499569021576164,24.50020315359734,1.0000258833949536,-2.5883394953574168e-05,148.4969831510332,146.50142207518138,0.9865616052696359,0.013438394730364123,6.108479479875211,7.069193710336899,1.1572755108086759,13.996352941563154,15.972589713419511,1.1411965517093945
10,realized,uint8,127.50043097842384,127.49979684640266,2.0,5.0,3,15.0,0.1,34,7,384.0,759.2770385742188,578.2576904296875,256.0000299748263,384.2246650526812,733.5560790299992,640.3347272903795,27.499569021576164,27.50020315359734,1.000023059707615,-2.305970761495857e-05,175.4969831510332,172.50142207518138,0.9829309825042758,0.017069017495724204,6.856469716907008,7.934802089094232,1.1572722431090479,16.541196085196916,18.807288016455715,1.1369968604197114
10,realized,uint8,127.50043097842384,127.49979684640266,2.0,5.0,3,15.0,0.1,35,7,384.0,882.91552734375,611.3865356445312,384.0000154845229,384.3363660729671,844.4073123719852,704.334632602225,15.499569021576164,15.50020315359734,1.0000409128808867,-4.0912880886700975e-05,117.49698315103319,114.50142207518138,0.9745052085975582,0.02549479140244182,3.864508768779819,4.472368574064899,1.1572929036145014,11.07229479305709,12.483730263528798,1.1274745205805714
10,realized,uint8,127.50043097842384,127.49979684640266,2.0,5.0,3,15.0,0.1,36,7,256.0,512.0,640.0,128.0,256.2172477308664,478.7247156174707,636.196620353322,20.499569021576164,18.50020315359734,0.9024679072094416,0.09753209279055841,132.4969831510332,132.50142207518138,1.0000335020771238,-3.350207712382591e-05,5.116078086132619,5.437933103624354,1.0629104974695633,12.497595902616837,14.724294898760855,1.178170186769903
10,realized,uint8,127.50043097842384,127.49979684640266,2.0,5.0,3,15.0,0.1,37,7,256.0,512.0,768.0,256.0,256.43303752209533,445.595877844348,759.8349378061575,14.499569021576164,19.50020315359734,1.3448815702439123,-0.3448815702439123,109.49698315103319,110.50142207518138,1.0091732109437457,-0.00917321094374568,3.6186578972258605,5.731872205723724,1.5839773663373646,10.32815250153555,12.279532550557994,1.1889379585295936
10,realized,uint8,127.50043097842384,127.49979684640266,2.0,5.0,3,15.0,0.1,38,7,256.0,512.0,896.0,384.0,256.64882731332426,412.46704007122537,883.4732552589929,17.499569021576164,16.50020315359734,0.9428919725539153,0.057108027446084675,124.49698315103319,133.50142207518138,1.0723265632326566,-0.07232656323265663,4.36736799167924,4.852808921440111,1.1111518266117577,11.743006893545084,14.836623601972583,1.2634433187745129
10,realized,uint8,127.50043097842384,127.49979684640266,2.0,5.0,3,15.0,0.1,39,7,256.0,545.1288452148438,635.6384887695312,127.99998550969676,256.2248599451821,511.85356497749507,640.5580934551057,23.499569021576164,21.50020315359734,0.9149190410197267,0.08508095898027335,149.4969831510332,136.50142207518138,0.9130714158778528,0.08692858412214721,5.8647881805859985,6.319750409922467,1.0775752193135488,14.100272481206215,15.168797143888648,1.0757804265205964
10,realized,uint8,127.50043097842384,127.49979684640266,2.0,5.0,3,15.0,0.1,40,7,256.0,578.2576904296875,759.2770385742188,256.0000299748263,256.44826205362335,511.853560767336,768.5579429650687,30.499569021576164,27.50020315359734,0.9016587458709008,0.09834125412909922,162.4969831510332,166.50142207518138,1.0246431585774503,-0.024643158577450253,7.611778400977216,8.083385022518693,1.06195748177337,15.327304686635905,18.502563982347095,1.2071635790263726
10,realized,uint8,127.50043097842384,127.49979684640266,2.0,5.0,3,15.0,0.1,41,7,256.0,611.3865356445312,882.91552734375,384.0000154845229,256.671664059168,511.8535723542378,896.5577335196879,15.499569021576164,14.50020315359734,0.9355229899239355,0.06447701007606454,119.49698315103319,116.50142207518138,0.9749319104393983,0.025068089560601692,3.8682279287103203,4.264596900501192,1.1024678429233674,11.27138876287524,12.947335852726777,1.1486903810266602
10,realized,uint8,127.50043097842384,127.49979684640266,2.0,5.0,3,15.0,0.1,42,7,256.0,576.0,622.8512573242188,128.0000048842193,256.2172477403743,544.9823897040255,636.1966258009525,26.499569021576164,24.50020315359734,0.9245510043446018,0.0754489956553982,152.4969831510332,149.50142207518138,0.9803565879537105,0.0196434120462895,6.613498275039377,7.201567716220579,1.088919572777495,14.384068425296215,16.613429440553976,1.1549882098264457
10,realized,uint8,127.50043097842384,127.49979684640266,2.0,5.0,3,15.0,0.1,43,7,256.0,640.0,733.7025146484375,256.0000097684386,256.43303754111116,578.1112260174577,759.8349487014184,20.499569021576164,19.50020315359734,0.9512494205645508,0.04875057943544925,128.4969831510332,132.50142207518138,1.0311636804689917,-0.03116368046899165,5.116078086132619,5.731872205723724,1.1203644880363037,12.120370855039361,14.724294898760855,1.214838644366962
10,realized,uint8,127.50043097842384,127.49979684640266,2.0,5.0,3,15.0,0.1,44,7,256.0,704.0,844.5537719726562,384.00001465265785,256.648827341848,611.2400623308902,883.4732716018842,13.499569021576164,13.50020315359734,1.0000469742419305,-4.6974241930453076e-05,95.49698315103319,106.50142207518138,1.115233367181287,-0.11523336718128707,3.3690878657414007,3.970490890031732,1.1785061857263217,9.00704308362718,11.835030305430202,1.3139750965490196
10,realized,uint8,127.50043097842384,127.49979684640266,2.0,5.0,3,15.0,0.1,45,7,256.0,602.5096435546875,602.5096435546875,127.99996544059366,256.1949297213611,575.8535361108901,623.409355819548,17.499569021576164,17.50020315359734,1.0000362370079168,-3.623700791677287e-05,136.4969831510332,143.50142207518138,1.051315705024761,-0.051315705024761016,4.36736799167924,5.143994001524982,1.1778247244851772,12.874964188381252,15.944749809740168,1.2384306143646737
10,realized,uint8,127.50043097842384,127.49979684640266,2.0,5.0,3,15.0,0.1,46,7,256.0,693.0193481445312,693.0193481445312,256.00001719793306,256.3884016335524,639.8535619895598,734.26048349099,14.499569021576164,13.50020315359734,0.931076167402513,0.06892383259748702,100.49698315103319,107.50142207518138,1.0696980019153557,-0.06969800191535569,3.6186578972258605,3.970490890031732,1.0972274812370615,9.47923986632983,11.94615586671215,1.2602440739098482
10,realized,uint8,127.50043097842384,127.49979684640266,2.0,5.0,3,15.0,0.1,47,7,256.0,783.5289916992188,783.5289916992188,383.9999826385267,256.581873415276,703.8535447098566,845.1115364100516,20.499569021576164,19.50020315359734,0.9512494205645508,0.04875057943544925,118.49698315103319,125.50142207518138,1.059110694111263,-0.05911069411126291,5.116078086132619,5.73512695284849,1.1210006681473126,11.176411158360706,13.947547014092203,1.2479450528856486
10,realized,uint8,127.50043097842384,127.49979684640266,2.0,5.0,3,15.0,0.1,48,7,256.0,622.8512573242188,576.0,128.0000048842193,256.15942703311936,602.3632268301101,603.0678344979802,11.499569021576164,10.50020315359734,0.9130953633041591,0.08690463669584092,84.49698315103319,87.50142207518138,1.03555675968665,-0.03555675968664995,2.869947802772481,3.0864202868293855,1.075427324443944,7.970061848186328,9.722470082939623,1.2198738564559664
10,realized,uint8,127.50043097842384,127.49979684640266,2.0,5.0,3,15.0,0.1,49,7,256.0,733.7025146484375,640.0,256.0000097684386,256.3173961266013,692.8729002696269,693.5773660954738,19.499569021576164,19.50020315359734,1.0000325203095757,-3.252030957567875e-05,126.49698315103319,114.50142207518138,0.9051711686947544,0.09482883130524555,4.866508054648159,5.731872205723724,1.1778203470246038,11.931654145813022,12.724034795685787,1.0664099579311743
10,realized,uint8,127.50043097842384,127.49979684640266,2.0,5.0,3,15.0,0.1,50,7,256.0,844.5537719726562,704.0,384.00001465265785,256.4753652200832,783.3825737091437,784.0868976929673,19.499569021576164,22.50020315359734,1.1538820744551324,-0.15388207445513236,136.4969831510332,147.50142207518138,1.080620382004867,-0.08062038200486699,4.866508054648159,6.613689512021837,1.3590215895574012,12.874964188381252,16.39117831799008,1.273104769703512
10,realized,uint8,127.50043097842384,127.49979684640266,2.0,5.0,3,15.0,0.1,51,7,256.0,635.6384887695312,545.1288452148438,127.99998550969676,256.1131589599234,622.7047867325794,576.5582082123321,20.499569021576164,22.50020315359734,1.0975939606298784,-0.09759396062987835,140.4969831510332,139.50142207518138,0.9929140038915882,0.007085996108411763,5.116078086132619,6.613689512021837,1.2927264597365251,13.251409516509131,15.502173827734492,1.1698509361152314
10,realized,uint8,127.50043097842384,127.49979684640266,2.0,5.0,3,15.0,0.1,52,7,256.0,759.2770385742188,578.2576904296875,256.0000299748263,256.22486000778036,733.5560790299992,640.5581293212146,20.499569021576164,22.50020315359734,1.0975939606298784,-0.09759396062987835,127.49698315103319,117.50142207518138,0.9216015875135567,0.0783984124864433,5.116078086132619,6.613689512021837,1.2927264597365251,12.02527412305779,13.057411479531632,1.085830671792735
10,realized,uint8,127.50043097842384,127.49979684640266,2.0,5.0,3,15.0,0.1,53,7,256.0,882.91552734375,611.3865356445312,384.0000154845229,256.3365610280662,844.4073123719852,704.5580346330601,15.499569021576164,14.50020315359734,0.9355229899239355,0.06447701007606454,102.49698315103319,106.50142207518138,1.039068846721542,-0.039068846721542094,3.8682279287103203,4.262176695226869,1.1018421803928944,9.667942521678217,11.835030305430198,1.2241519101807616
10,realized,uint8,127.50043097842384,127.49979684640266,2.0,5.0,3,15.0,0.1,54,7,128.0,512.0,640.0,128.0,128.21744268596558,478.7247156174707,636.420022384157,21.499569021576164,19.50020315359734,0.9070043745540975,0.09299562544590245,126.49698315103319,126.50142207518138,1.000035091146347,-3.5091146346921676e-05,5.36330192310439,5.680422732526281,1.059127905526962,11.925424026015357,13.930744877693275,1.1681550984940496
10,realized,uint8,127.50043097842384,127.49979684640266,2.0,5.0,3,15.0,0.1,55,7,128.0,512.0,768.0,256.0,128.4332324771945,445.595877844348,760.0583398369926,26.499569021576164,22.50020315359734,0.8490780787897906,0.15092192121020942,159.4969831510332,157.50142207518138,0.9874884086430517,0.012511591356948348,6.6106064429582485,6.554324817717384,0.9914861630734625,15.03647840103262,17.343414216948947,1.1534226136192833
10,realized,uint8,127.50043097842384,127.49979684640266,2.0,5.0,3,15.0,0.1,56,7,128.0,512.0,896.0,384.0,128.64902226842347,412.46704007122537,883.696657289828,27.499569021576164,23.50020315359734,0.8545662346620443,0.1454337653379557,167.4969831510332,172.50142207518138,1.0298777854382943,-0.029877785438294335,6.8600673469290205,6.8488059541334865,0.998358413667677,15.790673401036804,18.99767389469163,1.203094599717594
10,realized,uint8,127.50043097842384,127.49979684640266,2.0,5.0,3,15.0,0.1,57,7,128.0,545.1288452148438,635.6384887695312,127.99998550969676,128.2250549002813,511.85356497749507,640.7814954859407,21.499569021576164,22.50020315359734,1.046542055378737,-0.04654205537873701,132.4969831510332,139.50142207518138,1.052864893656966,-0.052864893656966006,5.36330192310439,6.554324817717384,1.2220689626817811,12.49016009441032,15.361327631368372,1.229874358315309
10,realized,uint8,127.50043097842384,127.49979684640266,2.0,5.0,3,15.0,0.1,58,7,128.0,578.2576904296875,759.2770385742188,256.0000299748263,128.44845700872253,511.853560767336,768.7813449959037,24.499569021576164,27.50020315359734,1.1224770170193032,-0.12247701701930325,160.4969831510332,165.50142207518138,1.0311808909170512,-0.03118089091705123,6.111684635016705,8.010828293035889,1.310739799488033,15.130752776033143,18.22676014996387,1.2046168766193015
10,realized,uint8,127.50043097842384,127.49979684640266,2.0,5.0,3,15.0,0.1,59,7,128.0,611.3865356445312,882.91552734375,384.0000154845229,128.67185901426717,511.8535723542378,896.7811355505229,15.499569021576164,15.50020315359734,1.0000409128808867,-4.0912880886700975e-05,115.49698315103319,110.50142207518138,0.956747259196206,0.04325274080379404,3.8665364992797597,4.517317699544473,1.168311148850124,10.888405901009602,12.169580727102925,1.1176641317141318
10,realized,uint8,127.50043097842384,127.49979684640266,2.0,5.0,3,15.0,0.1,60,7,128.0,576.0,622.8512573242188,128.0000048842193,128.2174426954735,544.9823897040255,636.4200278317875,20.499569021576164,17.50020315359734,0.8536863938543324,0.14631360614566757,130.4969831510332,133.50142207518138,1.023023052729663,-0.023023052729663096,5.113841019133618,5.097821342398879,0.9968673885881862,12.302521526017449,14.700632102841514,1.194928378849208
10,realized,uint8,127.50043097842384,127.49979684640266,2.0,5.0,3,15.0,0.1,61,7,128.0,640.0,733.7025146484375,256.0000097684386,128.43323249621037,578.1112260174577,760.0583507322534,22.499569021576164,22.50020315359734,1.0000281841852423,-2.8184185242308146e-05,133.4969831510332,125.50142207518138,0.9401068032615693,0.05989319673843074,5.612762827075161,6.55736992230986,1.168296278381486,12.58452890079376,13.820621650229365,1.0982232039975401
10,realized,uint8,127.50043097842384,127.49979684640266,2.0,5.0,3,15.0,0.1,62,7,128.0,704.0,844.5537719726562,384.00001465265785,128.6490222969472,611.2400623308902,883.6966736327192,19.499569021576164,19.50020315359734,1.0000325203095757,-3.252030957567875e-05,126.49698315103319,135.50142207518138,1.0711830329850411,-0.07118303298504114,4.864380115162847,5.68306182683898,1.1683013441166337,11.92532801828758,14.92284410113063,1.251357118080638
10,realized,uint8,127.50043097842384,127.49979684640266,2.0,5.0,3,15.0,0.1,63,7,128.0,602.5096435546875,602.5096435546875,127.99996544059366,128.19512467646027,575.8535361108901,623.632757850383,15.499569021576164,15.50020315359734,1.0000409128808867,-4.0912880886700975e-05,110.49698315103319,99.50142207518138,0.900489943143312,0.09951005685668801,3.8665364992797597,4.515219952271476,1.1677686097396338,10.416358820195077,10.956690774522652,1.0518734006436095
10,realized,uint8,127.50043097842384,127.49979684640266,2.0,5.0,3,15.0,0.1,64,7,128.0,693.0193481445312,693.0193481445312,256.00001719793306,128.38859658865155,639.8535619895598,734.4838855218251,15.499569021576164,16.50020315359734,1.0645588358378382,-0.06455883583783817,98.49698315103319,101.50142207518138,1.0305028522502182,-0.030502852250218204,3.8665364992797597,4.806520647335177,1.2431075326019847,9.28574152600071,11.177664191095527,1.2037449200795978
10,realized,uint8,127.50043097842384,127.49979684640266,2.0,5.0,3,15.0,0.1,65,7,128.0,783.5289916992188,783.5289916992188,383.9999826385267,128.5820683703752,703.8535447098566,845.3349384408865,16.499569021576164,16.50020315359734,1.0000384332475805,-3.843324758046052e-05,109.49698315103319,109.50142207518138,1.0000405392369767,-4.0539236976666615e-05,4.115997403250532,4.8087537313681,1.1683082519854062,10.32200746678427,12.059450192141817,1.1683241104938702
10,realized,uint8,127.50043097842384,127.49979684640266,2.0,5.0,3,15.0,0.1,66,7,128.0,622.8512573242188,576.0,128.0000048842193,128.15962198821853,602.3632268301101,603.2912365288151,15.499569021576164,14.50020315359734,0.9355229899239355,0.06447701007606454,116.49698315103319,119.50142207518138,1.0257898431605998,-0.025789843160599846,3.8665364992797597,4.2239192572077755,1.0924296868772834,10.982680276010125,13.159882285445907,1.1982395876707368
10,realized,uint8,127.50043097842384,127.49979684640266,2.0,5.0,3,15.0,0.1,67,7,128.0,733.7025146484375,640.0,256.0000097684386,128.31759108170044,692.8729002696269,693.8007681263088,15.499569021576164,17.50020315359734,1.1290767587947894,-0.12907675879478941,120.49698315103319,124.50142207518138,1.0332326903083453,-0.0332326903083453,3.8665364992797597,5.097821342398879,1.3184464554643354,11.359777776012217,13.710100465346082,1.2068986502796653
10,realized,uint8,127.50043097842384,127.49979684640266,2.0,5.0,3,15.0,0.1,68,7,128.0,844.5537719726562,704.0,384.00001465265785,128.47556017518235,783.3825737091437,784.3102997238024,22.499569021576164,18.50020315359734,0.8222470010806164,0.17775299891938356,144.4969831510332,146.50142207518138,1.0138718392622292,-0.013871839262229235,5.612762827075161,5.389122037462579,0.9601549546092041,13.621479808906173,16.133209426971472,1.184394768652305
10,realized,uint8,127.50043097842384,127.49979684640266,2.0,5.0,3,15.0,0.1,69,7,128.0,635.6384887695312,545.1288452148438,127.99998550969676,128.11335391502254,622.7047867325794,576.781610243167,15.499569021576164,14.50020315359734,0.9355229899239355,0.06447701007606454,104.49698315103319,98.50142207518138,0.9426245534075733,0.05737544659242666,3.8665364992797597,4.2239192572077755,1.0924296868772834,9.850669939039475,10.84697965790868,1.101141315771905
10,realized,uint8,127.50043097842384,127.49979684640266,2.0,5.0,3,15.0,0.1,70,7,128.0,759.2770385742188,578.2576904296875,256.0000299748263,128.2250549628795,733.5560790299992,640.7815313520496,15.499569021576164,14.50020315359734,0.9355229899239355,0.06447701007606454,107.49698315103319,115.50142207518138,1.0744619866485179,-0.07446198664851789,3.8665364992797597,4.2239192572077755,1.0924296868772834,10.133472455686352,12.719389375590266,1.2551856662375234
10,realized,uint8,127.50043097842384,127.49979684640266,2.0,5.0,3,15.0,0.1,71,7,128.0,882.91552734375,611.3865356445312,384.0000154845229,128.33675598316543,844.4073123719852,704.781436663895,20.499569021576164,18.50020315359734,0.9024679072094416,0.09753209279055841,129.4969831510332,129.50142207518138,1.0000342782050993,-3.42782050992696e-05,5.113841019133618,5.389122037462579,1.0538305780916903,12.207455843298337,14.261114560085005,1.168229870592904
10,realized,uint8,127.50043097842384,127.49996355880756,2.0,5.0,3,15.0,1.0,0,7,512.0,512.0,640.0,128.0,514.1684006741262,478.7247156174707,635.7232279869054,21.499569021576164,19.500036441192435,0.9069966203333159,0.09300337966668415,138.4969831510332,142.5002550883471,1.0289051201422075,-0.028905120142207474,5.365373186682646,5.486832970000437,1.0226377139281317,13.06308288683747,15.165486564268917,1.1609423821041398
10,realized,uint8,127.50043097842384,127.49996355880756,2.0,5.0,3,15.0,1.0,1,7,512.0,512.0,768.0,256.0,516.3261901280355,445.595877844348,759.3429030086216,22.499569021576164,18.500036441192435,0.8222395914984709,0.17776040850152908,121.49698315103319,122.5002550883471,1.0082575872362751,-0.008257587236275121,5.614930430425447,5.2285354575580865,0.9311843703755235,11.459637064237397,13.079426033852425,1.1413473184652572
10,realized,uint8,127.50043097842384,127.49996355880756,2.0,5.0,3,15.0,1.0,2,7,512.0,512.0,896.0,384.0,518.4839795819446,412.46704007122537,882.9625780303377,14.499569021576164,14.500036441192435,1.0000322367937677,-3.2236793767737026e-05,108.49698315103319,119.5002550883471,1.101415464446572,-0.1014154644465719,3.6184724804830424,4.093402235574337,1.1312514486853011,10.23347261166087,12.763973165852146,1.2472768189468562
10,realized,uint8,127.50043097842384,127.49996355880756,2.0,5.0,3,15.0,1.0,3,7,512.0,545.1288452148438,635.6384887695312,127.99998550969676,514.2445189912986,511.85356497749507,640.0840434571105,19.499569021576164,20.500036441192435,1.0513071554817062,-0.05130715548170617,121.49698315103319,124.5002550883471,1.0247189013210356,-0.024718901321035602,4.866258699197045,5.768208493915351,1.185347687098331,11.45897760818393,13.250015797346709,1.1562999990403708
10,realized,uint8,127.50043097842384,127.49996355880756,2.0,5.0,3,15.0,1.0,4,7,512.0,578.2576904296875,759.2770385742188,256.0000299748263,516.4784277912944,511.853560767336,768.0645928954863,14.499569021576164,17.500036441192435,1.2069349382144676,-0.20693493821446762,101.49698315103319,104.5002550883471,1.0295897655681536,-0.029589765568153625,3.6184724804830424,4.940424780232132,1.365334352238218,9.573230214119663,11.155785810386536,1.1653105128436945
10,realized,uint8,127.50043097842384,127.49996355880756,2.0,5.0,3,15.0,1.0,5,7,512.0,611.3865356445312,882.91552734375,384.0000154845229,518.7123355623761,511.8535723542378,896.0450833874074,21.499569021576164,19.500036441192435,0.9069966203333159,0.09300337966668415,131.4969831510332,129.5002550883471,0.9848154078151533,0.01518459218484669,5.365373186682646,5.518282640605558,1.028499313766738,12.402840489296263,13.84167630957953,1.116008572514094
10,realized,uint8,127.50043097842384,127.49996355880756,2.0,5.0,3,15.0,1.0,6,7,512.0,576.0,622.8512573242188,128.0000048842193,514.1684007692006,544.9823897040255,635.7232334337144,22.499569021576164,22.500036441192435,1.0000207746030967,-2.0774603096684885e-05,126.49698315103319,123.5002550883471,0.9763098851210696,0.023690114878930357,5.614930430425447,6.3309595417451785,1.1275223478174916,11.93123877676683,13.140363452117736,1.1013410843562514
10,realized,uint8,127.50043097842384,127.49996355880756,2.0,5.0,3,15.0,1.0,7,7,512.0,640.0,733.7025146484375,256.0000097684386,516.3261903181842,578.1112260174577,759.3429139022396,13.499569021576164,16.500036441192435,1.2222639415244048,-0.22226394152440476,103.49698315103319,102.5002550883471,0.9903694964593165,0.00963050354068351,3.368915236740242,4.663289494483532,1.384210989824643,9.76207777560345,10.944013985213088,1.121074246362125
10,realized,uint8,127.50043097842384,127.49996355880756,2.0,5.0,3,15.0,1.0,8,7,512.0,704.0,844.5537719726562,384.00001465265785,518.4839798671678,611.2400623308902,882.9625943707648,28.499569021576164,30.500036441192435,1.0701929007453332,-0.07019290074533324,157.4969831510332,171.5002550883471,1.0889113661554097,-0.08891136615540973,7.11227389288225,8.631154210344492,1.213557624514755,14.853999798344018,18.324506009500073,1.2336411914818364
10,realized,uint8,127.50043097842384,127.49996355880756,2.0,5.0,3,15.0,1.0,9,7,512.0,602.5096435546875,602.5096435546875,127.99996544059366,513.9452317963562,575.8535361108901,622.9378915422802,23.499569021576164,23.500036441192435,1.00001989056122,-1.9890561220092806e-05,154.4969831510332,145.5002550883471,0.9417676133268501,0.058232386673149894,5.864487674168247,6.612335065660093,1.1275213510612268,14.572517185506248,15.481346218690001,1.062365960637718
10,realized,uint8,127.50043097842384,127.49996355880756,2.0,5.0,3,15.0,1.0,10,7,512.0,693.0193481445312,693.0193481445312,256.00001719793306,515.8798536771063,639.8535619895598,733.7723048604807,15.499569021576164,15.500036441192435,1.0000301569427912,-3.0156942791181862e-05,113.49698315103319,115.5002550883471,1.017650442167684,-0.017650442167683966,3.868029724225843,4.380666512946255,1.1325317604230698,10.705074324190303,12.323126540635432,1.1511481534312014
10,realized,uint8,127.50043097842384,127.49996355880756,2.0,5.0,3,15.0,1.0,11,7,512.0,783.5289916992188,783.5289916992188,383.9999826385267,517.8144742532454,703.8535447098566,844.6066434375718,17.499569021576164,16.500036441192435,0.9428824458961618,0.05711755410383823,102.49698315103319,95.5002550883471,0.9317372292570197,0.06826277074298026,4.367144211711444,4.6580080215219635,1.0666027490071213,9.666994227947685,10.193512160817303,1.0544655267660585
10,realized,uint8,127.50043097842384,127.49996355880756,2.0,5.0,3,15.0,1.0,12,7,512.0,622.8512573242188,576.0,128.0000048842193,513.59022275799,602.3632268301101,602.5994373557069,19.499569021576164,20.500036441192435,1.0513071554817062,-0.05130715548170617,128.4969831510332,130.5002550883471,1.0155900308955836,-0.01559003089558364,4.866258699197045,5.768208493915351,1.185347687098331,12.119879461778604,13.888917931324707,1.1459617214119138
10,realized,uint8,127.50043097842384,127.49996355880756,2.0,5.0,3,15.0,1.0,13,7,512.0,733.7025146484375,640.0,256.0000097684386,515.1698342957629,692.8729002696269,693.0953217462244,21.499569021576164,21.500036441192435,1.0000217408830754,-2.174088307538291e-05,123.49698315103319,127.5002550883471,1.0324159492415943,-0.0324159492415943,5.365373186682646,6.059462894821054,1.1293646656044731,11.64827774924917,13.592605656633511,1.1669197755444722
10,realized,uint8,127.50043097842384,127.49996355880756,2.0,5.0,3,15.0,1.0,14,7,512.0,844.5537719726562,704.0,384.00001465265785,516.7494458335359,783.3825737091437,783.591206136742,20.499569021576164,20.500036441192435,1.0000228014362536,-2.2801436253550023e-05,118.49698315103319,124.5002550883471,1.050661812458654,-0.050661812458653976,5.115815942939846,5.787352978953443,1.1312668484370243,11.176912896163097,13.290859222591159,1.1891350810431522
10,realized,uint8,127.50043097842384,127.49996355880756,2.0,5.0,3,15.0,1.0,15,7,512.0,635.6384887695312,545.1288452148438,127.99998550969676,513.1275652808848,622.7047867325794,576.0938082441728,19.499569021576164,19.500036441192435,1.0000239707665208,-2.3970766520831077e-05,139.4969831510332,147.5002550883471,1.0573723657424818,-0.057372365742481835,4.866258699197045,5.496276431090858,1.1294665513770914,13.1566460736709,15.705915408363909,1.1937628572219945
10,realized,uint8,127.50043097842384,127.49996355880756,2.0,5.0,3,15.0,1.0,16,7,512.0,759.2770385742188,578.2576904296875,256.0000299748263,514.2445196172495,733.5560790299992,640.0840793178113,24.499569021576164,20.500036441192435,0.8367509005214974,0.16324909947850264,131.4969831510332,122.5002550883471,0.9315822473862176,0.06841775261378236,6.114044917911047,5.768208493915351,0.9434357403913453,12.402126755676692,13.03716457406296,1.051203945169775
10,realized,uint8,127.50043097842384,127.49996355880756,2.0,5.0,3,15.0,1.0,17,7,512.0,882.91552734375,611.3865356445312,384.0000154845229,515.3614736779174,844.4073123719852,704.0743345967949,28.499569021576164,24.500036441192435,0.8596634013182514,0.14033659868174864,145.4969831510332,147.5002550883471,1.0137684774895601,-0.013768477489560116,7.11227389288225,6.904967912181617,0.9708523625744928,13.72361611317046,15.731042943366637,1.146275355827657
10,realized,uint8,127.50043097842384,127.49996355880756,2.0,5.0,3,15.0,1.0,18,7,384.0,512.0,640.0,128.0,386.1878956941081,478.7247156174707,637.9571360108777,27.499569021576164,27.500036441192435,1.0000169973433366,-1.6997343336599968e-05,169.4969831510332,169.5002550883471,1.000019303808558,-1.9303808558079893e-05,6.856469716907008,7.824481216794599,1.1411822030659047,15.973738872841645,18.220126328876127,1.1406300349540432
10,realized,uint8,127.50043097842384,127.49996355880756,2.0,5.0,3,15.0,1.0,19,7,384.0,512.0,768.0,256.0,388.3456851480173,445.595877844348,761.5768110325939,23.499569021576164,18.500036441192435,0.7872500310199987,0.2127499689800013,127.49698315103319,131.5002550883471,1.031398954221306,-0.03139895422130601,5.859149400864612,5.24186586661698,0.8946462204639223,12.015573835405345,14.079557053574337,1.1717756676828215
10,realized,uint8,127.50043097842384,127.49996355880756,2.0,5.0,3,15.0,1.0,20,7,384.0,512.0,896.0,384.0,390.50347460192654,412.46704007122537,885.19648605431,13.499569021576164,16.500036441192435,1.2222639415244048,-0.22226394152440476,96.49698315103319,97.5002550883471,1.0103969254224625,-0.01039692542246251,3.3658486107586207,4.655338934899159,1.383110018679629,9.094071069678554,10.408757779976233,1.1445652557830899
10,realized,uint8,127.50043097842384,127.49996355880756,2.0,5.0,3,15.0,1.0,21,7,384.0,545.1288452148438,635.6384887695312,127.99998550969676,386.2640140112805,511.85356497749507,642.3179514810828,15.499569021576164,20.500036441192435,1.3226197717275476,-0.32261977172754763,106.49698315103319,98.5002550883471,0.9249112244677843,0.07508877553221571,3.864508768779819,5.832797728131293,1.5093244904119967,10.03770805146619,10.583898839485325,1.0544138946080779
10,realized,uint8,127.50043097842384,127.49996355880756,2.0,5.0,3,15.0,1.0,22,7,384.0,578.2576904296875,759.2770385742188,256.0000299748263,388.49792281127634,511.853560767336,770.2985009194585,24.499569021576164,21.500036441192435,0.8775679450629472,0.12243205493705278,127.49698315103319,151.5002550883471,1.188265411024507,-0.188265411024507,6.108479479875211,6.091896494926235,0.9972852515910696,12.015573835405345,16.220930398305136,1.3499921535589252
10,realized,uint8,127.50043097842384,127.49996355880756,2.0,5.0,3,15.0,1.0,23,7,384.0,611.3865356445312,882.91552734375,384.0000154845229,390.73183058235793,511.8535723542378,898.2789914113798,22.499569021576164,20.500036441192435,0.9111301830507839,0.08886981694921614,137.4969831510332,138.5002550883471,1.0072966832749477,-0.007296683274947702,5.609819321854013,5.78390345692096,1.0310320395505026,12.957994082413988,14.777661327547182,1.1404281583677187
10,realized,uint8,127.50043097842384,127.49996355880756,2.0,5.0,3,15.0,1.0,24,7,384.0,576.0,622.8512573242188,128.0000048842193,386.1878957891825,544.9823897040255,637.9571414576867,26.499569021576164,26.500036441192435,1.000017638762951,-1.7638762950911158e-05,163.4969831510332,159.5002550883471,0.9755547289885218,0.024445271011478198,6.607139637896409,7.539955004128412,1.1411829350301115,15.40828672463646,17.143176039797584,1.1125945633129473
10,realized,uint8,127.50043097842384,127.49996355880756,2.0,5.0,3,15.0,1.0,25,7,384.0,640.0,733.7025146484375,256.0000097684386,388.3456853381661,578.1112260174577,761.5768219262119,19.499569021576164,18.500036441192435,0.9487407860513352,0.05125921394866484,138.4969831510332,134.5002550883471,0.9711421290792479,0.028857870920752093,4.861829084822215,5.24186586661698,1.078167449979098,13.051223821007662,14.399637117787226,1.1033170004033732
10,realized,uint8,127.50043097842384,127.49996355880756,2.0,5.0,3,15.0,1.0,26,7,384.0,704.0,844.5537719726562,384.00001465265785,390.50347488714976,611.2400623308902,885.1965023947371,12.499569021576164,14.500036441192435,1.1600429115726438,-0.16004291157264383,94.49698315103319,105.5002550883471,1.1164404573607132,-0.11644045736071318,3.1165185317480217,4.091056673888259,1.3127008975600827,8.90735775274486,11.259720761599198,1.2640921218337102
10,realized,uint8,127.50043097842384,127.49996355880756,2.0,5.0,3,15.0,1.0,27,7,384.0,602.5096435546875,602.5096435546875,127.99996544059366,385.96472681633804,575.8535361108901,625.1717995662525,18.499569021576164,24.500036441192435,1.3243571465161101,-0.32435714651611014,128.4969831510332,132.5002550883471,1.0311545986461685,-0.03115459864616854,4.612499005811617,6.970902578796039,1.5113071179013593,12.108876664840722,14.242877599562778,1.1762344265111173
10,realized,uint8,127.50043097842384,127.49996355880756,2.0,5.0,3,15.0,1.0,28,7,384.0,693.0193481445312,693.0193481445312,256.00001719793306,387.89934869708816,639.8535619895598,736.006212884453,19.499569021576164,19.500036441192435,1.0000239707665208,-2.3970766520831077e-05,128.4969831510332,127.5002550883471,0.9922431792697066,0.007756820730293379,4.861829084822215,5.525209409386732,1.1364466568015472,12.10981586010621,13.65771398655217,1.1278217723809705
10,realized,uint8,127.50043097842384,127.49996355880756,2.0,5.0,3,15.0,1.0,29,7,384.0,783.5289916992188,783.5289916992188,383.9999826385267,389.83396927322735,703.8535447098566,846.8405514615441,23.499569021576164,22.500036441192435,0.9574659186529758,0.04253408134702419,119.49698315103319,110.5002550883471,0.924711671998321,0.07528832800167895,5.859149400864612,6.360377657004309,1.0855462494377994,11.263002898400964,11.81232415271757,1.048772184405155
10,realized,uint8,127.50043097842384,127.49996355880756,2.0,5.0,3,15.0,1.0,30,7,384.0,622.8512573242188,576.0,128.0000048842193,385.60971777797187,602.3632268301101,604.8333453796791,16.499569021576164,16.500036441192435,1.0000283292015482,-2.8329201548160654e-05,106.49698315103319,104.5002550883471,0.9812508485817448,0.018749151418255172,4.113838847790418,4.694692877466546,1.1411951345610223,10.036491316687195,11.242015926101073,1.120114148597878
10,realized,uint8,127.50043097842384,127.49996355880756,2.0,5.0,3,15.0,1.0,31,7,384.0,733.7025146484375,640.0,256.0000097684386,387.1893293157448,692.8729002696269,695.3292297701967,21.499569021576164,19.500036441192435,0.9069966203333159,0.09300337966668415,134.4969831510332,136.5002550883471,1.0148945492336012,-0.014894549233601229,5.360489242843413,5.537415807330019,1.0330056747567984,12.675268008311395,14.641376128628234,1.1551137316408322
10,realized,uint8,127.50043097842384,127.49996355880756,2.0,5.0,3,15.0,1.0,32,7,384.0,844.5537719726562,704.0,384.00001465265785,388.76894085351773,783.3825737091437,785.8251141607143,17.499569021576164,17.500036441192435,1.0000267103501632,-2.67103501632171e-05,117.49698315103319,122.5002550883471,1.0425821310738046,-0.0425821310738046,4.363168926801017,4.9558091522173084,1.1358279350075045,11.07229479305709,13.113888324348414,1.1843875700068527
10,realized,uint8,127.50043097842384,127.49996355880756,2.0,5.0,3,15.0,1.0,33,7,384.0,635.6384887695312,545.1288452148438,127.99998550969676,385.14706030086677,622.7047867325794,578.3277162681451,24.499569021576164,24.500036441192435,1.000019078687297,-1.9078687296891772e-05,148.4969831510332,147.5002550883471,0.9932878901541566,0.0067121098458433615,6.108479479875211,6.976659731860616,1.1421270636736496,13.996352941563154,15.86977741027046,1.1338509021978176
10,realized,uint8,127.50043097842384,127.49996355880756,2.0,5.0,3,15.0,1.0,34,7,384.0,759.2770385742188,578.2576904296875,256.0000299748263,386.26401463723136,733.5560790299992,642.3179873417837,27.499569021576164,27.500036441192435,1.0000169973433366,-1.6997343336599968e-05,175.4969831510332,171.5002550883471,0.9772262292438013,0.022773770756198686,6.856469716907008,7.824481216794599,1.1411822030659047,16.541196085196916,18.427783249626643,1.1140538540691187
10,realized,uint8,127.50043097842384,127.49996355880756,2.0,5.0,3,15.0,1.0,35,7,384.0,882.91552734375,611.3865356445312,384.0000154845229,387.3809686978992,844.4073123719852,706.3082426207671,15.499569021576164,15.500036441192435,1.0000301569427912,-3.0156942791181862e-05,117.49698315103319,113.5002550883471,0.9659844197229421,0.034015580277057866,3.864508768779819,4.4015377644290075,1.1389643620394088,11.07229479305709,12.170495851827846,1.0991845935550222
10,realized,uint8,127.50043097842384,127.49996355880756,2.0,5.0,3,15.0,1.0,36,7,256.0,512.0,640.0,128.0,258.20739071409,478.7247156174707,640.1910440348499,20.499569021576164,18.500036441192435,0.9024597747260352,0.09754022527396478,132.4969831510332,132.5002550883471,1.0000246944287794,-2.4694428779392652e-05,5.116078086132619,5.364500569383908,1.0485572110255021,12.497595902616837,14.517089695097443,1.1615905817580283
10,realized,uint8,127.50043097842384,127.49996355880756,2.0,5.0,3,15.0,1.0,37,7,256.0,512.0,768.0,256.0,260.36518016799926,445.595877844348,763.8107190565662,14.499569021576164,13.500036441192435,0.9310646696535346,0.06893533034646537,109.49698315103319,114.5002550883471,1.045693240063178,-0.04569324006317799,3.6186578972258605,3.9085099230630918,1.0800993169482636,10.32815250153555,12.519085782617996,1.2121321582690328
10,realized,uint8,127.50043097842384,127.49996355880756,2.0,5.0,3,15.0,1.0,38,7,256.0,512.0,896.0,384.0,262.52296962190843,412.46704007122537,887.4303940782823,17.499569021576164,17.500036441192435,1.0000267103501632,-2.67103501632171e-05,124.49698315103319,126.5002550883471,1.0160909275599366,-0.016090927559936574,4.36736799167924,5.0447321295662,1.155096648411007,11.743006893545084,13.7946102361326,1.174708518966743
10,realized,uint8,127.50043097842384,127.49996355880756,2.0,5.0,3,15.0,1.0,39,7,256.0,545.1288452148438,635.6384887695312,127.99998550969676,258.28350903126244,511.85356497749507,644.5518595050551,23.499569021576164,24.500036441192435,1.0425738624694645,-0.042573862469464485,149.4969831510332,139.5002550883471,0.9331309043702465,0.06686909562975352,5.8647881805859985,7.104335164770727,1.2113540925975737,14.100272481206215,15.28402880625557,1.0839527269155362
10,realized,uint8,127.50043097842384,127.49996355880756,2.0,5.0,3,15.0,1.0,40,7,256.0,578.2576904296875,759.2770385742188,256.0000299748263,260.51741783125823,511.853560767336,772.5324089434308,30.499569021576164,24.500036441192435,0.8032912341764729,0.19670876582352714,162.4969831510332,167.5002550883471,1.0307899373901828,-0.030789937390182764,7.611778400977216,7.0829060656728595,0.9305192154258644,15.327304686635905,18.31393354052732,1.1948567549841622
10,realized,uint8,127.50043097842384,127.49996355880756,2.0,5.0,3,15.0,1.0,41,7,256.0,611.3865356445312,882.91552734375,384.0000154845229,262.7513256023399,511.8535723542378,900.5128994353521,15.499569021576164,15.500036441192435,1.0000301569427912,-3.0156942791181862e-05,119.49698315103319,116.5002550883471,0.974922144612651,0.02507785538734897,3.8682279287103203,4.468192515318123,1.155100629452265,11.27138876287524,12.70412941247746,1.1271130541004195
10,realized,uint8,127.50043097842384,127.49996355880756,2.0,5.0,3,15.0,1.0,42,7,256.0,576.0,622.8512573242188,128.0000048842193,258.20739080916445,544.9823897040255,640.191049481659,26.499569021576164,25.500036441192435,0.9622811759855452,0.03771882401445481,152.4969831510332,150.5002550883471,0.9869064422034597,0.013093557796540312,6.613498275039377,7.394307597335197,1.118062981167281,14.384068425296215,16.491051695789125,1.1464803425703616
10,realized,uint8,127.50043097842384,127.49996355880756,2.0,5.0,3,15.0,1.0,43,7,256.0,640.0,733.7025146484375,256.0000097684386,260.36518035814805,578.1112260174577,763.8107299501843,20.499569021576164,19.500036441192435,0.9512412880811444,0.04875871191885561,128.4969831510332,130.5002550883471,1.0155900308955836,-0.01559003089558364,5.116078086132619,5.645620755358531,1.1035055877394178,12.120370855039361,14.268473785005716,1.1772307923295289
10,realized,uint8,127.50043097842384,127.49996355880756,2.0,5.0,3,15.0,1.0,44,7,256.0,704.0,844.5537719726562,384.00001465265785,262.52296990713165,611.2400623308902,887.4304104187094,13.499569021576164,14.500036441192435,1.0741110636952365,-0.07411106369523646,95.49698315103319,100.5002550883471,1.0523919371295845,-0.052391937129584454,3.3690878657414007,4.188202244217749,1.243126451763256,9.00704308362718,10.959360094629236,1.2167544878908083
10,realized,uint8,127.50043097842384,127.49996355880756,2.0,5.0,3,15.0,1.0,45,7,256.0,602.5096435546875,602.5096435546875,127.99996544059366,257.98422183632,575.8535361108901,627.4057075902248,17.499569021576164,23.500036441192435,1.342892297074172,-0.3428922970741719,136.4969831510332,138.5002550883471,1.0146763092565738,-0.014676309256573816,4.36736799167924,6.814362732206257,1.560290487357388,12.874964188381252,15.185012407834291,1.1794217199872055
10,realized,uint8,127.50043097842384,127.49996355880756,2.0,5.0,3,15.0,1.0,46,7,256.0,693.0193481445312,693.0193481445312,256.00001719793306,259.9188437170701,639.8535619895598,738.2401209084253,14.499569021576164,14.500036441192435,1.0000322367937677,-3.2236793767737026e-05,100.49698315103319,106.5002550883471,1.0597358423017715,-0.059735842301771536,3.6186578972258605,4.198028395112332,1.1601064577921636,9.47923986632983,11.652965652168687,1.2293143560550577
10,realized,uint8,127.50043097842384,127.49996355880756,2.0,5.0,3,15.0,1.0,47,7,256.0,783.5289916992188,783.5289916992188,383.9999826385267,261.85346429320924,703.8535447098566,849.0744594855164,20.499569021576164,19.500036441192435,0.9512412880811444,0.04875871191885561,118.49698315103319,130.5002550883471,1.1012960129289946,-0.1012960129289946,5.116078086132619,5.632406285084739,1.1009226579929758,11.176411158360706,14.244690293314891,1.2745316981881887
10,realized,uint8,127.50043097842384,127.49996355880756,2.0,5.0,3,15.0,1.0,48,7,256.0,622.8512573242188,576.0,128.0000048842193,257.62921279795376,602.3632268301101,607.0672534036514,11.499569021576164,12.500036441192435,1.087000427384638,-0.08700042738463809,84.49698315103319,88.5002550883471,1.04737769075327,-0.04737769075326992,2.869947802772481,3.624665973997089,1.2629727866463358,7.970061848186328,9.704148610311673,1.2175750696991086
10,realized,uint8,127.50043097842384,127.49996355880756,2.0,5.0,3,15.0,1.0,49,7,256.0,733.7025146484375,640.0,256.0000097684386,259.2088243357267,692.8729002696269,697.5631377941689,19.499569021576164,20.500036441192435,1.0513071554817062,-0.05130715548170617,126.49698315103319,114.5002550883471,0.9051619432823754,0.09483805671762457,4.866508054648159,5.9398232362310095,1.2205514034971527,11.931654145813022,12.535146764158338,1.050579124316731
10,realized,uint8,127.50043097842384,127.49996355880756,2.0,5.0,3,15.0,1.0,50,7,256.0,844.5537719726562,704.0,384.00001465265785,260.7884358734997,783.3825737091437,788.0590221846866,19.499569021576164,20.500036441192435,1.0513071554817062,-0.05130715548170617,136.4969831510332,145.5002550883471,1.0659594939717594,-0.06595949397175938,4.866508054648159,5.926514958635285,1.217816736782071,12.874964188381252,15.908525037244203,1.2356170319759434
10,realized,uint8,127.50043097842384,127.49996355880756,2.0,5.0,3,15.0,1.0,51,7,256.0,635.6384887695312,545.1288452148438,127.99998550969676,257.16655532084866,622.7047867325794,580.5616242921174,20.499569021576164,19.500036441192435,0.9512412880811444,0.04875871191885561,140.4969831510332,143.5002550883471,1.0213760599690986,-0.021376059969098637,5.116078086132619,5.6638438356151175,1.1070675115313904,13.251409516509131,15.742402343626075,1.1879794616575365
10,realized,uint8,127.50043097842384,127.49996355880756,2.0,5.0,3,15.0,1.0,52,7,256.0,759.2770385742188,578.2576904296875,256.0000299748263,258.2835096572133,733.5560790299992,644.551895365756,20.499569021576164,16.500036441192435,0.8048967480158169,0.1951032519841831,127.49698315103319,124.5002550883471,0.9764956943401856,0.02350430565981443,5.116078086132619,4.784555704254968,0.9351998979889969,12.02527412305779,13.64058785377387,1.1343265620547316
10,realized,uint8,127.50043097842384,127.49996355880756,2.0,5.0,3,15.0,1.0,53,7,256.0,882.91552734375,611.3865356445312,384.0000154845229,259.40046371788117,844.4073123719852,708.5421506447394,15.499569021576164,12.500036441192435,0.8064763880719372,0.19352361192806278,102.49698315103319,107.5002550883471,1.0488138458664817,-0.04881384586648174,3.8682279287103203,3.618991451013852,0.9355683061366126,9.667942521678217,11.768807621233245,1.2173021917377254
10,realized,uint8,127.50043097842384,127.49996355880756,2.0,5.0,3,15.0,1.0,54,7,128.0,512.0,640.0,128.0,130.22688573407194,478.7247156174707,642.4249520588222,21.499569021576164,19.500036441192435,0.9069966203333159,0.09300337966668415,126.49698315103319,126.5002550883471,1.0000258657339678,-2.586573396778924e-05,5.36330192310439,5.623025339528158,1.0484260293654015,11.925424026015357,13.785386349283101,1.1559661374899735
10,realized,uint8,127.50043097842384,127.49996355880756,2.0,5.0,3,15.0,1.0,55,7,128.0,512.0,768.0,256.0,132.38467518798117,445.595877844348,766.0446270805385,26.499569021576164,23.500036441192435,0.886808250430734,0.11319174956926603,159.4969831510332,165.5002550883471,1.037638780487962,-0.0376387804879621,6.6106064429582485,6.781114494593901,1.0257931028124176,15.03647840103262,18.060159605275608,1.2010897181906197
10,realized,uint8,127.50043097842384,127.49996355880756,2.0,5.0,3,15.0,1.0,56,7,128.0,512.0,896.0,384.0,134.54246464189038,412.46704007122537,889.6643021022546,27.499569021576164,22.500036441192435,0.8181959660363733,0.18180403396362665,167.4969831510332,171.5002550883471,1.0239005614429733,-0.023900561442973256,6.8600673469290205,6.513961726756792,0.9495477809955952,15.790673401036804,18.778405607098094,1.1892086632521395
10,realized,uint8,127.50043097842384,127.49996355880756,2.0,5.0,3,15.0,1.0,57,7,128.0,545.1288452148438,635.6384887695312,127.99998550969676,130.30300405124436,511.85356497749507,646.7857675290273,21.499569021576164,22.500036441192435,1.0465343011579553,-0.046534301157955316,132.4969831510332,137.5002550883471,1.0377614027000954,-0.037761402700095426,5.36330192310439,6.488104544352091,1.2097220401488495,12.49016009441032,14.9841131798038,1.199673428246095
10,realized,uint8,127.50043097842384,127.49996355880756,2.0,5.0,3,15.0,1.0,58,7,128.0,578.2576904296875,759.2770385742188,256.0000299748263,132.53691285124017,511.853560767336,774.7663169674031,24.499569021576164,25.500036441192435,1.0408361232287469,-0.04083612322874686,160.4969831510332,167.5002550883471,1.0436349132539369,-0.04363491325393687,6.111684635016705,7.365334194157377,1.2051234044305765,15.130752776033143,18.27588917349503,1.2078638415428828
10,realized,uint8,127.50043097842384,127.49996355880756,2.0,5.0,3,15.0,1.0,59,7,128.0,611.3865356445312,882.91552734375,384.0000154845229,134.7708206223218,511.8535723542378,902.7468074593244,15.499569021576164,14.500036441192435,0.9355122339858398,0.06448776601416017,115.49698315103319,111.5002550883471,0.965395389960449,0.034604610039550954,3.8665364992797597,4.204237781745661,1.0873394787631792,10.888405901009602,12.211346320990002,1.121499917619505
10,realized,uint8,127.50043097842384,127.49996355880756,2.0,5.0,3,15.0,1.0,60,7,128.0,576.0,622.8512573242188,128.0000048842193,130.22688582914637,544.9823897040255,642.4249575056313,20.499569021576164,22.500036441192435,1.0975858281464719,-0.09758582814647188,130.4969831510332,133.5002550883471,1.0230141100950818,-0.023014110095081808,5.113841019133618,6.488104544352091,1.2687341120063407,12.302521526017449,14.548860742257204,1.1825917728726736
10,realized,uint8,127.50043097842384,127.49996355880756,2.0,5.0,3,15.0,1.0,61,7,128.0,640.0,733.7025146484375,256.0000097684386,132.38467537812997,578.1112260174577,766.0446379741566,22.499569021576164,19.500036441192435,0.8666848872746273,0.13331511272537266,133.4969831510332,125.5002550883471,0.9400980615896098,0.059901938410390154,5.612762827075161,5.62688403004747,1.0025159094384302,12.58452890079376,13.693285135776215,1.088104707273748
10,realized,uint8,127.50043097842384,127.49996355880756,2.0,5.0,3,15.0,1.0,62,7,128.0,704.0,844.5537719726562,384.00001465265785,134.5424649271136,611.2400623308902,889.6643184426816,19.499569021576164,19.500036441192435,1.0000239707665208,-2.3970766520831077e-05,126.49698315103319,136.5002550883471,1.0790791344436281,-0.07907913444362813,4.864380115162847,5.653971304415318,1.1623210297220035,11.92532801828758,14.94931008423753,1.2535764266871863
10,realized,uint8,127.50043097842384,127.49996355880756,2.0,5.0,3,15.0,1.0,63,7,128.0,602.5096435546875,602.5096435546875,127.99996544059366,130.0037168563019,575.8535361108901,629.639615614197,15.499569021576164,15.500036441192435,1.0000301569427912,-3.0156942791181862e-05,110.49698315103319,100.5002550883471,0.9095294027256652,0.09047059727433482,3.8665364992797597,4.469586399762914,1.155966431610173,10.416358820195077,10.949101545296681,1.0511448131057786
10,realized,uint8,127.50043097842384,127.49996355880756,2.0,5.0,3,15.0,1.0,64,7,128.0,693.0193481445312,693.0193481445312,256.00001719793306,131.93833873705202,639.8535619895598,740.4740289323976,15.499569021576164,14.500036441192435,0.9355122339858398,0.06448776601416017,98.49698315103319,107.5002550883471,1.0914065756055542,-0.09140657560555421,3.8665364992797597,4.184095949364431,1.0821302088170703,9.28574152600071,11.722733693383903,1.262444540434326
10,realized,uint8,127.50043097842384,127.49996355880756,2.0,5.0,3,15.0,1.0,65,7,128.0,783.5289916992188,783.5289916992188,383.9999826385267,133.8729593131912,703.8535447098566,851.3083675094887,16.499569021576164,16.500036441192435,1.0000283292015482,-2.8329201548160654e-05,109.49698315103319,112.5002550883471,1.02742789664964,-0.02742789664963996,4.115997403250532,4.776908079635257,1.1605712082963862,10.32200746678427,12.304694069183105,1.1920834303578085
10,realized,uint8,127.50043097842384,127.49996355880756,2.0,5.0,3,15.0,1.0,66,7,128.0,622.8512573242188,576.0,128.0000048842193,129.6487078179357,602.3632268301101,609.3011614276237,15.499569021576164,14.500036441192435,0.9355122339858398,0.06448776601416017,116.49698315103319,122.5002550883471,1.0515315656675068,-0.05153156566750683,3.8665364992797597,4.181226664821603,1.0813881274883768,10.982680276010125,13.344128798753752,1.2150156850055835
10,realized,uint8,127.50043097842384,127.49996355880756,2.0,5.0,3,15.0,1.0,67,7,128.0,733.7025146484375,640.0,256.0000097684386,131.22831935570866,692.8729002696269,699.7970458181412,15.499569021576164,17.500036441192435,1.1290660028566937,-0.12906600285669367,120.49698315103319,121.5002550883471,1.0083261166468906,-0.008326116646890647,3.8665364992797597,5.044732344288471,1.3047160799408413,11.359777776012217,13.240627000779815,1.1655709523419795
10,realized,uint8,127.50043097842384,127.49996355880756,2.0,5.0,3,15.0,1.0,68,7,128.0,844.5537719726562,704.0,384.00001465265785,132.8079308934816,783.3825737091437,790.2929302086588,22.499569021576164,21.500036441192435,0.9555754788269403,0.04442452117305973,144.4969831510332,145.5002550883471,1.0069432033488566,-0.006943203348856564,5.612762827075161,6.2099893049619235,1.1064050800446845,13.621479808906173,15.877666340158308,1.1656344657778641
10,realized,uint8,127.50043097842384,127.49996355880756,2.0,5.0,3,15.0,1.0,69,7,128.0,635.6384887695312,545.1288452148438,127.99998550969676,129.1860503408306,622.7047867325794,582.7955323160896,15.499569021576164,14.500036441192435,0.9355122339858398,0.06448776601416017,104.49698315103319,101.5002550883471,0.9713223485279493,0.028677651472050703,3.8665364992797597,4.176013667546361,1.08003989315095,9.850669939039475,11.052629026538535,1.1220180043527335
10,realized,uint8,127.50043097842384,127.49996355880756,2.0,5.0,3,15.0,1.0,70,7,128.0,759.2770385742188,578.2576904296875,256.0000299748263,130.30300467719522,733.5560790299992,646.7858033897282,15.499569021576164,14.500036441192435,0.9355122339858398,0.06448776601416017,107.49698315103319,114.5002550883471,1.0651485440058752,-0.06514854400587522,3.8665364992797597,4.181226664821603,1.0813881274883768,10.133472455686352,12.47768435235143,1.2313335243092938
10,realized,uint8,127.50043097842384,127.49996355880756,2.0,5.0,3,15.0,1.0,71,7,128.0,882.91552734375,611.3865356445312,384.0000154845229,131.41995873786308,844.4073123719852,710.7760586687117,20.499569021576164,22.500036441192435,1.0975858281464719,-0.09758582814647188,129.4969831510332,129.5002550883471,1.000025266513816,-2.5266513816069036e-05,5.113841019133618,6.492556878457293,1.2696047558313135,12.207455843298337,14.11582943576716,1.1563285271694417
