n_voxels,n_seed,z_min,z_max,z_extent,y_extent,x_extent,fill,centroid_z,centroid_y,centroid_x,snr_cluster,r_peak,r_peak_ratio,peak_offset,snr_peak,linearity,planarity,sphericity,axis_z,normal_z,edge_contrast,decay_drop,seed_grown_ratio
71,6,200,203,4,6,16,0.1849,200.561,333.893,796.235,26.8415,20.0000,1.5171,4.3644,4.8255,0.9412,0.0279,0.0309,0.0072,0.9884,1.9340,0.9571,0.1218
7,3,200,203,4,2,2,0.4375,200.839,779.911,745.677,11.3336,31.0000,1.7500,0.9030,7.4795,0.8025,0.0737,0.1238,0.9492,0.0000,2.9137,0.2414,0.5968
4,3,200,203,4,1,1,1.0000,201.313,795.000,725.000,8.1116,19.0000,1.1343,1.3134,4.5964,0.9375,0.0000,0.0625,1.0000,0.0000,3.7486,0.9612,0.8358
74,3,203,207,5,6,16,0.1542,204.844,313.494,812.782,27.2742,22.0000,1.6976,1.8559,5.3847,0.9430,0.0378,0.0191,0.0231,0.0967,1.7264,0.4795,0.0803
30,5,203,208,6,4,6,0.2083,204.761,357.081,907.426,18.1306,19.0000,1.4039,1.3239,4.6361,0.5550,0.3293,0.1157,0.4968,0.1721,2.1781,0.4933,0.2241
187,3,206,209,4,7,37,0.1805,207.309,283.527,662.186,44.1476,21.0000,1.6042,12.2784,5.1733,0.9932,0.0007,0.0061,0.0010,0.8617,2.7046,0.9776,0.0466
106,3,206,209,4,7,24,0.1577,207.055,290.578,786.721,32.8834,22.0000,1.6972,0.5088,5.4197,0.9807,0.0052,0.0141,0.0076,0.9747,2.2247,0.9756,0.0691
30,3,206,209,4,4,9,0.2083,207.391,301.032,585.192,18.1052,18.0000,1.3433,0.4362,4.4343,0.8926,0.0618,0.0456,0.0708,0.0077,2.6994,1.1062,0.1741
41,4,209,212,4,4,9,0.2847,210.161,262.609,729.603,20.7742,18.0000,1.3820,0.7443,4.4811,0.8756,0.0483,0.0761,0.0200,0.9859,2.4893,0.7637,0.1948
81,3,209,213,5,5,17,0.1906,210.719,268.070,632.818,27.9573,18.0000,1.4464,3.0537,4.4976,0.9658,0.0181,0.0161,0.0156,0.0798,2.4987,0.9985,0.0694
27,3,210,213,4,3,7,0.3214,211.283,233.018,798.476,16.1749,17.0000,1.3661,0.5955,4.2478,0.7235,0.1315,0.1450,0.0690,0.5976,2.6315,1.2410,0.1518
6,3,266,268,3,3,2,0.3333,266.872,1113.962,597.500,9.6625,15.0000,1.1538,0.5176,4.5562,0.6378,0.1768,0.1854,0.7170,0.4222,4.3991,1.5145,0.5641
5,3,271,273,3,2,1,0.8333,272.328,1210.597,441.000,9.1255,17.0000,1.2687,0.7833,5.1790,0.5854,0.2927,0.1220,0.9487,0.0000,4.5678,1.5219,0.6716
3,3,273,275,3,1,1,1.0000,273.978,1016.000,530.000,7.9173,16.0000,1.0667,0.0222,4.8760,0.8889,0.0000,0.1111,1.0000,0.0000,4.8743,0.9145,1.0000
7,3,274,276,3,2,3,0.3889,275.463,751.220,662.378,9.4483,16.0000,1.3659,0.8061,4.8772,0.6470,0.1845,0.1685,0.6592,0.0573,3.3531,1.8283,0.5488
5,3,279,281,3,2,1,0.8333,279.794,872.382,624.000,9.2732,18.0000,1.3235,0.4343,5.4888,0.5854,0.2927,0.1220,0.9487,0.0000,3.9643,0.9147,0.7059
6,3,280,282,3,1,2,1.0000,280.914,839.000,1009.543,8.7133,15.0000,1.2857,1.0222,4.5740,0.5556,0.3333,0.1111,1.0000,0.0000,3.8114,1.2196,0.6143
8,3,283,285,3,2,2,0.6667,283.947,437.789,322.411,10.2354,16.0000,1.3474,0.6281,4.8758,0.4961,0.2369,0.2670,0.9586,0.0986,3.6571,1.5241,0.4737
8,3,284,287,4,2,2,0.5000,285.323,843.903,963.495,10.0163,16.0000,1.3763,0.5984,4.8746,0.6702,0.1825,0.1473,0.9937,0.1048,3.6559,1.2187,0.4731
7,3,286,288,3,3,3,0.2593,287.033,912.652,939.011,10.5873,19.0000,1.4457,0.3495,5.7851,0.6537,0.1658,0.1806,0.7150,0.5733,4.2632,1.2183,0.5543
4,3,289,291,3,2,1,0.6667,290.089,970.250,435.000,8.5158,17.0000,1.2143,0.2655,5.1705,0.5357,0.3214,0.1429,1.0000,0.0000,4.1053,1.2167,0.8214
5,3,295,297,3,1,2,0.8333,295.697,644.000,602.409,8.9554,17.0000,1.2879,0.9138,5.1595,0.5854,0.2927,0.1220,0.9487,0.0000,4.5507,1.6692,0.6818
4,3,295,297,3,2,1,0.6667,295.904,1154.538,673.000,7.8878,15.0000,1.1538,0.5470,4.5505,0.7576,0.1294,0.1129,0.8507,0.0000,3.9447,0.7580,0.8269
6,3,296,297,2,2,3,0.5000,296.356,608.329,523.137,9.0394,15.0000,1.2329,0.7358,4.5484,0.6381,0.1455,0.2164,0.3327,0.3629,4.0946,1.2134,0.5890
6,3,297,298,2,2,3,0.5000,297.459,985.608,812.000,9.1586,16.0000,1.2973,0.6039,4.8516,0.4412,0.1872,0.3716,0.6154,0.7882,4.0917,1.5152,0.6081
5,4,305,307,3,2,1,0.8333,305.689,824.473,880.000,9.9949,18.0000,1.2162,0.8676,5.4380,0.5854,0.2927,0.1220,0.9487,0.0000,5.1336,1.2089,0.8784
8,3,307,309,3,3,2,0.4444,307.753,771.398,1008.333,9.9213,15.0000,1.2903,0.5749,4.5256,0.4661,0.2478,0.2861,0.6397,0.4517,3.6213,1.2073,0.4624
3,3,307,309,3,1,1,1.0000,307.979,1231.000,868.000,8.3612,19.0000,1.1875,0.0208,5.7324,0.8889,0.0000,0.1111,1.0000,0.0000,4.8292,1.5077,1.0000
9,3,308,311,4,3,2,0.3750,309.938,1100.814,584.920,11.3547,18.0000,1.4336,0.2115,5.4260,0.5682,0.2656,0.1661,0.9897,0.0060,3.0132,0.7537,0.4513
7,3,315,317,3,1,3,0.7778,316.034,914.000,834.295,10.0015,18.0000,1.4318,0.2974,5.4126,0.1247,0.7481,0.1273,1.0000,0.0000,3.9102,0.7518,0.5227
9,3,317,319,3,3,2,0.5000,317.708,772.887,475.736,10.6178,16.0000,1.3585,0.7637,4.8094,0.5067,0.2821,0.2111,0.4953,0.4922,3.6070,0.9011,0.4151
7,3,317,319,3,2,2,0.5833,317.756,803.372,679.791,9.7677,17.0000,1.3837,0.4918,5.1080,0.5806,0.0526,0.3668,0.8835,0.4677,3.0061,0.6014,0.5233
4,3,318,319,2,1,2,1.0000,318.538,761.000,826.462,7.8106,14.0000,1.0769,0.7092,4.2066,0.0000,0.7500,0.2500,0.0000,0.0000,4.5053,1.8024,0.8077
6,3,320,322,3,2,2,0.5000,321.079,613.658,847.855,9.3119,14.0000,1.1053,0.3798,4.2019,0.7074,0.0897,0.2030,0.9140,0.2540,3.6007,0.3005,0.5526
8,3,323,326,4,3,2,0.3333,324.323,879.115,859.198,10.1748,18.0000,1.5000,0.3957,5.3966,0.6117,0.2558,0.1325,0.9892,0.0371,2.8472,1.0493,0.5000
8,3,330,331,2,4,1,1.0000,330.500,1179.550,933.000,10.5768,18.0000,1.4400,0.6727,5.3857,0.7500,0.1875,0.0625,0.0000,0.0000,3.7399,0.5982,0.4900
8,3,361,363,3,3,2,0.4444,362.110,904.009,993.541,11.4227,18.0000,1.3211,0.4718,5.3355,0.4702,0.2602,0.2696,0.9107,0.1045,4.7418,1.6297,0.4587
7,3,369,371,3,2,3,0.3889,370.198,761.802,916.923,10.1730,18.0000,1.3846,0.8298,5.3228,0.5567,0.2652,0.1781,0.5708,0.5093,3.8461,1.4787,0.5385
4,3,370,371,2,1,2,1.0000,370.525,777.000,530.559,8.7245,17.0000,1.1525,0.6858,5.0284,0.0000,0.7500,0.2500,0.0000,0.0000,4.8791,1.4789,0.8136
9,3,370,373,4,3,2,0.3750,371.783,1018.965,728.157,11.3333,20.0000,1.5652,0.2701,5.9127,0.3905,0.3713,0.2382,0.9530,0.0985,3.8431,0.8870,0.4609
4,3,377,379,3,1,2,0.6667,378.051,751.000,1135.525,8.7081,16.0000,1.0847,0.5279,4.7231,0.7576,0.1294,0.1129,0.8507,0.0000,5.0177,2.0662,0.7966
7,3,377,379,3,2,2,0.5833,377.640,997.779,460.686,9.5961,16.0000,1.3023,0.7459,4.7242,0.3772,0.3083,0.3146,0.9758,0.2185,3.2473,1.4763,0.5349
5,3,393,394,2,3,1,0.8333,393.603,1169.735,838.000,8.9470,16.0000,1.1765,0.6585,4.7078,0.5854,0.2927,0.1220,0.3162,0.0000,5.0011,1.1767,0.7059
4,3,414,415,2,1,2,1.0000,414.500,779.000,854.483,8.8004,16.0000,1.0667,0.6954,4.6933,0.0000,0.7500,0.2500,0.0000,0.0000,4.9870,1.4668,0.7667
4,3,420,421,2,2,1,1.0000,420.548,1104.500,629.000,9.0889,18.0000,1.1613,0.6738,5.2772,0.0000,0.7500,0.2500,1.0000,0.0000,4.8376,1.6125,0.7903
7,3,448,450,3,2,4,0.2917,449.071,635.119,855.952,9.2930,16.0000,1.3333,0.9624,4.6833,0.6877,0.1243,0.1880,0.1939,0.0243,3.2197,0.8781,0.5595
4,3,448,450,3,2,1,0.6667,449.290,806.742,1063.000,9.0737,18.0000,1.1613,0.3884,5.2687,0.7500,0.1500,0.1000,0.9487,0.0000,4.2439,0.4391,0.7903
5,3,475,477,3,1,2,0.8333,476.186,890.000,831.529,9.1506,18.0000,1.2857,0.5602,5.2615,0.5854,0.2927,0.1220,0.9487,0.0000,4.6767,1.1692,0.7143
5,3,476,478,3,1,2,0.8333,477.229,540.000,755.400,9.1501,16.0000,1.1429,0.4607,4.6767,0.5854,0.2927,0.1220,0.9487,0.0000,4.6764,1.4614,0.6714
9,3,485,486,2,4,2,0.5625,485.542,730.417,882.733,11.6867,19.0000,1.4250,0.7336,5.5513,0.7144,0.1105,0.1751,0.1184,0.0381,3.7983,0.8766,0.4167
8,4,500,503,4,3,2,0.3333,501.330,843.000,873.408,10.6316,18.0000,1.3981,0.7842,5.2549,0.5892,0.2243,0.1865,0.9800,0.0806,3.3574,1.1677,0.6505
3,3,504,505,2,2,1,0.7500,504.294,994.647,847.000,8.5952,18.0000,1.0588,0.7108,5.2544,0.5333,0.2667,0.2000,0.7071,0.0000,5.5464,1.3136,1.0000
3,3,508,509,2,2,1,0.7500,508.333,360.667,755.000,7.5827,15.0000,1.0000,0.7454,4.3779,0.5333,0.2667,0.2000,0.7071,0.0000,4.6698,1.7511,1.0000
11,3,509,512,4,3,3,0.3056,510.705,918.194,660.914,12.2306,19.0000,1.5036,0.3636,5.5447,0.3427,0.4911,0.1662,0.7823,0.1008,3.7936,1.0214,0.3597
9,3,532,534,3,3,2,0.5000,533.164,711.082,787.800,10.6908,16.0000,1.3091,1.1835,4.6653,0.2103,0.4898,0.3000,0.8306,0.1438,3.2071,0.8748,0.4182
5,3,532,534,3,1,2,0.8333,532.652,804.000,1291.364,8.6061,17.0000,1.2879,0.7461,4.9569,0.5854,0.2927,0.1220,0.9487,0.0000,4.9568,1.1663,0.7273
8,3,533,536,4,2,3,0.3333,534.757,827.835,962.874,10.6171,18.0000,1.3981,1.2600,5.2477,0.7742,0.1373,0.0886,0.9859,0.1263,3.7903,1.1662,0.4854
6,3,536,538,3,2,2,0.5000,537.139,582.658,1065.671,9.4021,16.0000,1.2152,0.4945,4.6644,0.6381,0.1455,0.2164,0.8019,0.3768,4.5185,1.4576,0.5823
6,4,574,576,3,1,2,1.0000,575.045,869.000,1068.545,10.4580,19.0000,1.2955,0.4568,5.5309,0.5556,0.3333,0.1111,1.0000,0.0000,4.6577,0.5822,0.7727
19,3,576,580,5,3,3,0.4222,577.705,568.880,475.203,14.4904,16.0000,1.4009,0.7434,4.6573,0.5273,0.2398,0.2328,0.9474,0.1381,3.4929,1.1643,0.2120
8,4,576,579,4,2,3,0.3333,577.261,931.108,1135.216,11.4231,19.0000,1.3694,0.3559,5.5305,0.8479,0.0586,0.0935,0.9058,0.0147,4.3661,1.7464,0.6036
6,3,579,582,4,2,2,0.3750,580.759,743.886,1087.519,9.3864,17.0000,1.2911,0.5497,4.9476,0.7696,0.0995,0.1309,0.9136,0.2553,4.8020,1.4552,0.5949
6,3,586,587,2,2,3,0.5000,586.367,975.405,590.000,9.3845,16.0000,1.2152,0.5467,4.6557,0.1333,0.2667,0.6000,0.0000,0.7071,4.8009,2.0368,0.6076
8,3,592,594,3,2,2,0.6667,593.204,904.509,1011.500,11.1078,17.0000,1.2593,0.7422,4.9454,0.4685,0.1696,0.3619,0.8569,0.5155,4.2181,0.8727,0.4630
6,3,596,598,3,2,2,0.5000,597.260,409.338,976.883,9.1433,17.0000,1.3247,0.4417,4.9447,0.5230,0.1584,0.3185,0.9225,0.0898,4.0721,1.3089,0.6104
8,3,596,598,3,2,3,0.4444,597.337,686.703,1015.901,10.3863,17.0000,1.3465,1.1576,4.9445,0.2901,0.4848,0.2251,0.0755,0.0752,3.9267,1.1634,0.4752
10,3,600,603,4,3,2,0.4167,601.608,689.368,904.256,11.4956,17.0000,1.3600,0.5955,4.9438,0.4971,0.2660,0.2369,0.9221,0.0927,3.7806,1.1633,0.3840
4,3,603,605,3,1,2,0.6667,604.052,934.000,1126.517,8.4330,16.0000,1.1034,0.5198,4.6527,0.7576,0.1294,0.1129,0.8507,0.0000,4.0710,1.1631,0.7931
7,3,606,609,4,2,2,0.4375,607.554,845.891,1201.587,10.1105,18.0000,1.3696,0.6998,5.2338,0.6023,0.2183,0.1794,0.9919,0.0509,3.4893,1.0176,0.5435
4,3,608,609,2,2,2,0.5000,608.684,423.579,608.158,8.2863,18.0000,1.2632,0.8188,5.2336,0.5916,0.1015,0.3069,0.5000,0.5000,4.0704,0.2907,0.8421
5,3,611,613,3,2,1,0.8333,611.829,883.697,645.000,9.8810,23.0000,1.5132,0.3476,6.6865,0.5854,0.2927,0.1220,0.9487,0.0000,4.6513,1.7443,0.6974
9,3,613,616,4,3,2,0.3750,614.459,777.963,565.514,10.5618,16.0000,1.3211,0.6695,4.6511,0.2895,0.5495,0.1610,0.7070,0.1803,3.7790,1.1627,0.4220
6,3,621,624,4,2,2,0.3750,622.329,652.118,857.118,9.0169,18.0000,1.4211,1.3395,5.2313,0.8889,0.0159,0.0952,0.9733,0.2294,3.7781,1.1624,0.6447
5,3,625,626,2,3,1,0.8333,625.371,581.271,862.000,9.0968,16.0000,1.1429,0.4600,4.6494,0.5854,0.2927,0.1220,0.3162,0.0000,4.6493,1.4529,0.6714
5,3,625,627,3,2,1,0.8333,625.824,591.706,1029.000,8.8367,17.0000,1.2500,0.8745,4.9400,0.5854,0.2927,0.1220,0.9487,0.0000,4.0680,0.8717,0.7059
4,3,636,637,2,1,3,0.6667,636.737,736.000,1189.386,8.2782,17.0000,1.1930,0.6681,4.9378,0.7500,0.1500,0.1000,0.3162,0.0000,4.0666,1.0167,0.8246
9,3,649,652,4,2,4,0.2812,650.252,796.908,1162.210,11.5150,20.0000,1.5126,0.3409,5.8060,0.8105,0.0981,0.0915,0.7217,0.0109,3.1930,0.5805,0.4454
5,3,655,657,3,1,2,0.8333,655.643,698.000,914.514,9.0853,19.0000,1.3571,0.8233,5.5143,0.5854,0.2927,0.1220,0.9487,0.0000,4.6434,1.0158,0.7000
5,3,656,658,3,1,2,0.8333,657.318,510.000,1170.545,8.5654,15.0000,1.1364,0.6315,4.3530,0.5854,0.2927,0.1220,0.9487,0.0000,4.6430,1.1608,0.6818
10,3,657,660,4,3,2,0.4167,658.431,934.054,941.546,11.9291,18.0000,1.3846,0.6280,5.2233,0.6383,0.2124,0.1493,0.9484,0.1559,3.7723,1.4509,0.4077
5,3,659,660,2,2,2,0.6250,659.472,498.653,900.833,9.3431,19.0000,1.3194,0.6534,5.5129,0.3432,0.2505,0.4063,0.6059,0.3645,4.6425,0.8705,0.6944
7,3,660,662,3,3,1,0.7778,661.077,763.022,832.000,9.9792,18.0000,1.3846,0.0800,5.2225,0.6076,0.3038,0.0886,0.7071,0.0000,4.0621,1.4507,0.5275
6,3,660,662,3,2,2,0.5000,660.797,1036.338,848.743,8.7653,16.0000,1.2973,0.7386,4.6422,0.6381,0.1455,0.2164,0.8019,0.3768,3.6267,1.1606,0.6216
6,3,666,669,4,2,2,0.3750,667.562,740.112,947.712,9.4726,16.0000,1.2000,1.5927,4.6410,0.7351,0.1332,0.1317,0.9406,0.2762,4.7853,1.5951,0.6000
13,4,671,673,3,5,2,0.4333,671.689,643.409,908.598,13.1896,20.0000,1.5854,0.7801,5.7994,0.6800,0.1725,0.1475,0.1692,0.4586,3.4796,1.4499,0.4146
4,3,675,676,2,1,2,1.0000,675.569,870.000,1153.552,8.4076,17.0000,1.1724,0.6219,4.9285,0.0000,0.7500,0.2500,0.0000,0.0000,4.2038,0.5799,0.8276
7,3,684,686,3,2,3,0.3889,685.347,647.884,1230.579,10.4050,16.0000,1.1789,1.4711,4.6368,0.3994,0.4037,0.1968,0.7071,0.2752,3.6221,0.8693,0.4842
6,3,692,695,4,2,2,0.3750,693.641,881.192,1115.141,9.2246,15.0000,1.1538,0.4310,4.3453,0.7722,0.0368,0.1910,0.9884,0.0000,4.2004,0.8691,0.5769
12,3,697,700,4,2,2,0.7500,698.276,685.487,566.558,13.0438,19.0000,1.4615,0.7902,5.5033,0.6617,0.0486,0.2896,0.9652,0.2616,3.7655,1.1586,0.4615
6,3,713,715,3,2,2,0.5000,713.895,361.763,1011.237,8.9846,18.0000,1.4211,0.3511,5.2124,0.4074,0.2455,0.3471,0.9369,0.3292,3.7645,1.5927,0.6447
7,4,722,723,2,2,2,0.8750,722.532,494.340,1010.585,10.2879,17.0000,1.2660,0.7556,4.9226,0.0000,0.3318,0.6682,0.5977,0.5774,4.9226,1.4478,0.6596
8,4,730,733,4,2,3,0.3333,731.480,559.608,1089.010,10.4422,16.0000,1.2549,0.7748,4.6330,0.5337,0.2413,0.2250,0.9527,0.0706,4.0538,1.3030,0.6078
4,4,733,735,3,2,1,0.6667,733.986,386.514,1036.000,10.7136,22.0000,1.1892,0.4867,6.3702,0.7576,0.1294,0.1129,0.8507,0.0000,5.5016,1.4478,1.0000
8,3,737,740,4,2,3,0.3333,738.738,619.252,1178.408,10.5440,18.0000,1.3981,0.8800,5.2118,0.6945,0.1561,0.1494,0.9100,0.2605,3.9088,1.1582,0.4660
7,4,737,740,4,2,3,0.2917,738.632,701.905,1019.779,10.3966,21.0000,1.5474,0.6758,6.0805,0.7146,0.1193,0.1661,0.8685,0.2357,4.6326,1.1582,0.7053
4,3,738,740,3,2,1,0.6667,739.052,694.534,594.000,8.3968,16.0000,1.1034,0.4684,4.6327,0.7576,0.1294,0.1129,0.8507,0.0000,4.0536,1.0134,0.7931
7,3,742,745,4,2,2,0.4375,743.413,409.837,625.217,10.0676,18.0000,1.3696,0.4944,5.2115,0.6673,0.1280,0.2047,0.9953,0.0695,3.4744,1.1581,0.5543
7,3,743,746,4,2,2,0.4375,744.500,861.581,864.872,9.4108,15.0000,1.2209,0.7774,4.3428,0.7406,0.0824,0.1770,0.9316,0.0988,3.4743,0.8686,0.5233
5,3,753,755,3,1,2,0.8333,754.154,517.000,1082.723,8.4140,16.0000,1.2308,0.3168,4.6312,0.5854,0.2927,0.1220,0.9487,0.0000,4.0524,0.0000,0.7231
7,3,753,756,4,2,2,0.4375,754.663,523.674,1061.884,9.4084,17.0000,1.3837,1.3812,4.9203,0.7097,0.1513,0.1391,0.9911,0.1140,3.1840,0.8683,0.5581
9,3,754,757,4,3,3,0.2500,755.417,339.000,755.878,11.0951,18.0000,1.4087,0.4348,5.2099,0.6999,0.0718,0.2283,0.9766,0.1513,3.7626,0.7236,0.4348
4,3,757,758,2,1,2,1.0000,757.554,686.000,1180.464,8.1036,16.0000,1.1429,0.6973,4.6306,0.0000,0.7500,0.2500,0.0000,0.0000,4.6307,0.2894,0.8214
9,3,758,761,4,3,2,0.3750,759.991,687.701,1013.907,10.3215,16.0000,1.3458,0.7072,4.6302,0.6257,0.2427,0.1316,0.8527,0.1236,3.4726,1.5915,0.4393
7,3,772,775,4,2,2,0.4375,773.114,542.114,1022.795,9.6193,19.0000,1.5114,0.2601,5.4950,0.7514,0.0882,0.1604,0.9757,0.1283,2.6029,0.5784,0.5682
12,3,775,779,5,4,3,0.2000,777.196,798.464,831.065,11.5189,16.0000,1.3913,0.5745,4.6264,0.3274,0.5654,0.1072,0.7758,0.1564,3.4700,2.0239,0.3406
11,3,777,779,3,2,5,0.3667,777.885,739.076,857.840,11.4204,16.0000,1.3435,0.8509,4.6262,0.5352,0.3341,0.1307,0.1106,0.0375,3.4698,1.4457,0.3588
7,3,780,782,3,2,2,0.5833,780.682,462.682,353.212,9.2878,16.0000,1.3176,0.4966,4.6255,0.3772,0.3083,0.3146,0.9758,0.2185,3.1802,1.0118,0.5412
8,3,780,782,3,2,4,0.3333,781.204,660.563,1012.893,10.5275,17.0000,1.3204,0.6083,4.9146,0.8109,0.0729,0.1162,0.4754,0.3028,3.9027,1.4453,0.4660
5,3,793,795,3,1,2,0.8333,794.045,353.000,895.358,8.6571,19.0000,1.4179,0.3610,5.4896,0.5854,0.2927,0.1220,0.9487,0.0000,4.6228,1.4447,0.7313
6,3,798,799,2,2,2,0.7500,798.690,427.488,576.321,9.9064,16.0000,1.1429,0.6791,4.6220,0.2000,0.3333,0.4667,0.7071,0.7071,4.7664,1.5888,0.5476
9,3,799,802,4,2,2,0.5625,800.690,733.097,827.478,10.8803,19.0000,1.5133,0.6148,5.4882,0.7189,0.1456,0.1355,0.9983,0.0383,3.4664,0.8667,0.4425
5,3,817,819,3,1,2,0.8333,817.729,682.000,1143.614,9.0389,17.0000,1.2143,0.8244,4.9086,0.5854,0.2927,0.1220,0.9487,0.0000,4.9085,1.4437,0.7143
4,3,823,826,4,1,1,1.0000,824.655,472.000,875.000,7.9387,16.0000,1.1636,0.6545,4.6190,0.9375,0.0000,0.0625,1.0000,0.0000,4.0414,0.5774,0.8364
8,3,828,830,3,3,2,0.4444,829.287,820.089,524.644,10.3065,21.0000,1.6634,0.4663,6.0612,0.4533,0.3128,0.2340,0.9259,0.3527,3.3193,1.8761,0.5248
5,4,832,833,2,1,3,0.8333,832.459,777.000,808.311,9.5502,18.0000,1.2162,0.8759,5.1942,0.5854,0.2927,0.1220,0.3162,0.0000,4.6173,1.7314,0.8649
7,3,835,838,4,2,2,0.4375,837.010,953.897,732.701,10.5768,18.0000,1.2990,1.0586,5.1932,0.7632,0.1142,0.1226,0.9822,0.1774,4.3271,0.7214,0.5258
4,3,844,846,3,1,2,0.6667,845.203,648.000,1129.797,8.5036,17.0000,1.1525,0.2876,4.9005,0.7500,0.1500,0.1000,0.9487,0.0000,4.6122,1.1531,0.7966
10,3,860,862,3,3,4,0.2778,860.708,653.258,918.042,10.9104,19.0000,1.5833,1.2859,5.4636,0.6185,0.1883,0.1931,0.0500,0.0438,3.4495,1.4375,0.4167
13,4,874,877,4,3,3,0.3611,875.636,509.407,821.846,12.8694,16.0000,1.2840,1.2127,4.5837,0.7129,0.1370,0.1500,0.7363,0.1606,3.7250,1.2887,0.3765
9,3,881,883,3,3,3,0.3333,881.848,669.393,899.857,10.6732,16.0000,1.2857,0.4447,4.5740,0.4536,0.2977,0.2487,0.2663,0.0184,4.0021,1.0004,0.4196
6,3,882,884,3,2,2,0.5000,883.368,599.345,883.885,10.1492,19.0000,1.3103,0.5171,5.4299,0.5034,0.2551,0.2415,0.9677,0.2521,4.5716,1.4280,0.6092
9,3,885,888,4,2,3,0.3750,886.044,607.920,1222.053,10.7539,21.0000,1.6726,0.1055,5.9956,0.7199,0.1631,0.1170,0.8524,0.2094,2.8553,0.5712,0.4602
6,3,888,890,3,2,2,0.5000,888.595,1049.633,585.127,9.2000,16.0000,1.2152,0.8778,4.5650,0.5034,0.2551,0.2415,0.9677,0.2521,4.5639,1.5682,0.5949
7,4,890,893,4,2,2,0.4375,891.874,550.158,852.800,10.2309,20.0000,1.4737,0.2844,5.6984,0.7514,0.0882,0.1604,0.9757,0.1283,4.8422,1.5668,0.6842
3,3,895,897,3,1,1,1.0000,896.038,790.000,658.000,8.5414,20.0000,1.1538,0.0385,5.6902,0.8889,0.0000,0.1111,1.0000,0.0000,5.1194,2.2761,1.0000
13,5,895,898,4,3,3,0.3611,896.193,797.187,704.205,13.0978,19.0000,1.4880,0.3376,5.4057,0.4322,0.1636,0.4042,0.8217,0.2165,2.8465,1.1378,0.4880
6,3,902,904,3,2,3,0.3333,903.026,401.118,716.039,8.8040,16.0000,1.2632,0.1276,4.5401,0.8087,0.0589,0.1324,0.7990,0.1690,4.1140,1.7032,0.6184
7,3,903,906,4,2,2,0.4375,904.129,915.892,739.710,9.9699,18.0000,1.3548,0.3354,5.1057,0.8040,0.0402,0.1558,0.9650,0.0194,3.6861,1.1337,0.5161
8,3,904,906,3,2,3,0.4444,904.589,359.095,862.758,9.5248,15.0000,1.2632,0.9648,4.2547,0.3104,0.4968,0.1928,0.3265,0.2233,3.5440,0.8512,0.4737
9,3,905,907,3,2,2,0.7500,906.107,401.702,792.397,11.4310,19.0000,1.4132,0.5074,5.3851,0.4875,0.0908,0.4217,0.9594,0.1156,4.5346,1.1340,0.5289
11,3,910,914,5,3,3,0.2444,912.292,402.066,922.109,11.6782,22.0000,1.7664,0.3187,6.2205,0.7587,0.1449,0.0964,0.9522,0.1653,3.1125,1.4124,0.4161
4,3,912,913,2,2,2,0.5000,912.545,893.727,700.836,7.7739,16.0000,1.1636,0.6314,4.5240,0.5916,0.1015,0.3069,0.7071,0.7071,4.5222,1.1311,0.8364
7,3,923,925,3,2,2,0.5833,923.969,609.896,887.448,10.2107,18.0000,1.3125,0.4609,5.0652,0.4600,0.2645,0.2756,1.0000,0.0000,4.2197,1.1262,0.5208
8,3,925,927,3,2,3,0.4444,926.279,693.550,956.883,11.0338,21.0000,1.5135,0.6275,5.9049,0.3837,0.1636,0.4526,0.7961,0.3359,3.9363,1.9678,0.5045
6,3,926,928,3,1,2,1.0000,927.033,613.000,1053.511,10.3274,19.0000,1.2667,0.5122,5.3405,0.5556,0.3333,0.1111,1.0000,0.0000,4.3564,1.1238,0.5778
3,3,935,937,3,1,1,1.0000,935.978,918.000,928.000,7.4412,16.0000,1.0435,0.9783,4.4844,0.8889,0.0000,0.1111,1.0000,0.0000,4.7629,1.8209,1.0000
8,3,949,952,4,2,2,0.5000,950.718,787.825,654.631,10.1633,18.0000,1.3981,0.4959,5.0233,0.6677,0.1809,0.1515,0.9493,0.1029,2.9308,0.8374,0.4951
7,4,1033,1036,4,3,2,0.2917,1033.931,383.693,550.158,10.6251,17.0000,1.1782,0.7143,4.7316,0.8345,0.0563,0.1092,0.8616,0.3107,4.7316,1.1133,0.6436
4,3,1043,1045,3,1,2,0.6667,1043.800,1164.000,987.817,8.3485,17.0000,1.1333,0.8207,4.7309,0.7500,0.1500,0.1000,0.9487,0.0000,4.7307,1.6697,0.8167
7,3,1061,1064,4,2,2,0.4375,1062.602,412.785,976.484,9.7790,17.0000,1.2796,0.6623,4.7294,0.7764,0.0638,0.1598,0.8790,0.1860,3.6167,1.3910,0.5376
7,3,1065,1067,3,1,3,0.7778,1065.796,531.000,991.286,10.3043,20.0000,1.4286,0.8456,5.5639,0.4747,0.4312,0.0941,0.8619,0.0000,3.8946,1.5301,0.5510
9,4,1066,1068,3,2,3,0.5000,1067.305,233.492,779.941,10.9420,17.0000,1.2966,0.5959,4.7292,0.5143,0.1395,0.3461,0.7118,0.5901,4.7292,1.1128,0.5508
9,3,1123,1125,3,3,2,0.5000,1123.805,479.549,582.177,10.4740,17.0000,1.3540,0.9904,4.7273,0.2513,0.4614,0.2873,0.7729,0.1472,3.6149,1.3904,0.4336
7,3,1136,1139,4,2,2,0.4375,1137.426,807.117,642.798,9.8781,17.0000,1.2660,0.4854,4.7266,0.6673,0.1280,0.2047,0.9953,0.0695,4.4484,1.3902,0.5213
6,3,1149,1150,2,2,2,0.7500,1149.435,544.741,639.494,9.6456,20.0000,1.4118,0.7075,5.5593,0.2667,0.1333,0.6000,0.7071,0.7071,4.4474,0.9729,0.6118
6,3,1165,1167,3,2,1,1.0000,1166.099,228.484,651.000,10.3212,19.0000,1.2527,0.4935,5.2786,0.5556,0.3333,0.1111,1.0000,0.0000,4.5839,1.3890,0.6044
5,3,1197,1198,2,3,1,0.8333,1197.368,402.750,735.000,9.4347,17.0000,1.1184,0.8356,4.7190,0.5854,0.2927,0.1220,0.3162,0.0000,4.7190,0.8328,0.6579
10,3,1213,1216,4,3,3,0.2778,1214.985,396.331,708.554,11.4125,19.0000,1.4615,1.2030,5.2747,0.7658,0.1019,0.1323,0.8481,0.3060,2.7761,0.8328,0.4077
16,4,1220,1223,4,4,3,0.3333,1221.558,794.636,1277.095,16.0340,21.0000,1.4545,0.8520,5.8305,0.1261,0.3043,0.5696,0.6842,0.2830,4.1646,0.9718,0.3290
8,3,1223,1226,4,2,3,0.3333,1224.787,666.370,919.019,10.6022,19.0000,1.4074,0.4276,5.2756,0.5892,0.2243,0.1865,0.9800,0.0806,3.7485,1.3883,0.4907
4,3,1224,1225,2,1,2,1.0000,1224.540,578.000,625.524,8.7463,17.0000,1.0794,0.6973,4.7203,0.0000,0.7500,0.2500,0.0000,0.0000,4.8591,1.2494,0.7937
6,3,1250,1253,4,2,2,0.3750,1251.775,475.157,394.629,10.0898,17.0000,1.1461,1.3859,4.7207,0.7351,0.1332,0.1317,0.9406,0.2762,4.8597,1.1108,0.5506
78,12,1250,1257,8,5,12,0.1625,1252.581,808.857,707.079,33.8005,24.0000,1.7414,4.0352,6.6645,0.7705,0.1513,0.0782,0.3785,0.2542,3.3322,0.9719,0.3981
5,3,1287,1288,2,2,2,0.6250,1287.315,498.219,612.397,9.0522,18.0000,1.2329,0.7146,4.9911,0.3432,0.2505,0.4063,0.6059,0.3645,4.1592,0.2773,0.6849
5,3,1312,1314,3,2,1,0.8333,1312.917,176.597,781.000,8.9205,17.0000,1.1806,0.6030,4.7096,0.5854,0.2927,0.1220,0.9487,0.0000,4.7096,0.8311,0.6944
7,3,1319,1321,3,2,2,0.5833,1319.849,868.667,632.753,9.7370,17.0000,1.2796,0.9454,4.7092,0.6197,0.1831,0.1972,0.9223,0.3857,3.8781,1.3851,0.5376
4,3,1326,1327,2,1,2,1.0000,1326.443,928.000,561.557,8.4481,17.0000,1.1148,0.7117,4.7088,0.0000,0.7500,0.2500,0.0000,0.0000,5.2628,1.6619,0.8361
6,3,1340,1342,3,3,1,0.6667,1340.615,280.659,548.000,10.2885,19.0000,1.2527,0.5138,5.2618,0.6061,0.3030,0.0909,0.7071,0.0000,4.7080,0.8308,0.5824
5,3,1344,1346,3,2,1,0.8333,1344.836,690.562,408.000,9.0405,17.0000,1.1644,0.4682,4.7076,0.5854,0.2927,0.1220,0.9487,0.0000,4.7077,0.6923,0.6712
4,4,1366,1369,4,1,1,1.0000,1367.477,250.000,460.000,8.9945,17.0000,1.0462,1.4769,4.7050,0.9375,0.0000,0.0625,1.0000,0.0000,4.7048,1.1070,1.0000
5,3,1408,1410,3,2,2,0.4167,1408.829,784.243,526.857,8.6539,17.0000,1.2143,1.1315,4.6995,0.7958,0.0325,0.1718,0.9294,0.3690,4.6995,1.3822,0.7000
3,3,1411,1413,3,1,1,1.0000,1412.036,452.000,402.000,8.7779,21.0000,1.1455,0.0364,5.8051,0.8889,0.0000,0.1111,1.0000,0.0000,5.2522,1.6586,1.0000
5,3,1417,1419,3,1,3,0.5556,1418.000,472.000,600.825,9.8897,19.0000,1.1875,0.1750,5.2521,0.5532,0.3398,0.1070,0.5606,0.0000,4.9756,1.3821,0.6750
4,3,1434,1436,3,1,2,0.6667,1435.016,558.000,338.836,8.4316,18.0000,1.1803,0.1648,4.9760,0.5357,0.3214,0.1429,1.0000,0.0000,4.8378,2.0734,0.8361
5,3,1436,1438,3,1,2,0.8333,1436.766,446.000,288.545,9.5198,19.0000,1.2338,0.5934,5.2526,0.5854,0.2927,0.1220,0.9487,0.0000,4.6996,0.5529,0.6623
4,3,1472,1473,2,3,1,0.6667,1472.559,554.881,439.000,8.1602,17.0000,1.1525,0.9854,4.7025,0.7576,0.1294,0.1129,0.5257,0.0000,4.1492,0.5533,0.8305
4,3,1490,1491,2,2,1,1.0000,1490.523,651.523,524.000,8.9924,17.0000,1.0462,0.7079,4.7037,0.0000,0.7500,0.2500,1.0000,0.0000,4.4270,0.8301,0.7846
5,3,1495,1497,3,1,3,0.5556,1495.849,591.000,584.288,9.0332,16.0000,1.0959,0.8967,4.4272,0.8123,0.1108,0.0769,0.7071,0.0000,4.1504,0.5534,0.6575
3,3,1546,1548,3,1,1,1.0000,1546.981,437.000,457.000,8.4638,20.0000,1.1321,0.0189,5.5320,0.8889,0.0000,0.1111,1.0000,0.0000,4.7022,0.5532,1.0000
3,3,1557,1559,3,1,1,1.0000,1558.000,572.000,381.000,8.1445,19.0000,1.1176,0.0000,5.2555,0.8889,0.0000,0.1111,1.0000,0.0000,4.7023,1.3830,1.0000
4,3,1564,1566,3,2,1,0.6667,1565.062,656.750,807.000,8.8517,20.0000,1.2500,0.2577,5.5323,0.5357,0.3214,0.1429,1.0000,0.0000,4.7025,1.5214,0.8125
4,3,1568,1569,2,2,1,1.0000,1568.413,502.413,299.000,8.7137,21.0000,1.3333,0.5836,5.8091,0.0000,0.7500,0.2500,1.0000,0.0000,4.9793,1.6598,0.8413
20,8,1572,1574,3,5,5,0.2667,1572.616,264.745,738.030,18.6811,25.0000,1.6556,0.6672,6.9159,0.6102,0.1159,0.2739,0.2378,0.9588,3.4580,0.8299,0.5331
8,3,1572,1574,3,2,3,0.4444,1573.259,642.089,212.902,10.9544,19.0000,1.3571,1.1706,5.2562,0.2004,0.5859,0.2137,0.9674,0.2534,3.7346,0.8299,0.4643
4,3,1595,1596,2,2,1,1.0000,1595.459,420.475,558.000,8.4385,17.0000,1.1148,0.6971,4.7034,0.0000,0.7500,0.2500,1.0000,0.0000,4.7034,1.7984,0.8033
4,3,1608,1611,4,1,1,1.0000,1609.419,793.000,412.000,8.5757,18.0000,1.1613,0.5806,4.9794,0.9375,0.0000,0.0625,1.0000,0.0000,4.4262,0.8299,0.8065
10,5,1627,1629,3,3,3,0.3704,1627.904,215.975,528.873,13.7287,26.0000,1.6561,0.1613,7.1896,0.5710,0.1879,0.2411,0.6755,0.7373,4.4243,0.8296,0.6178
6,3,1633,1635,3,2,2,0.5000,1633.627,866.542,531.855,9.3687,17.0000,1.2289,0.7893,4.7003,0.6373,0.1269,0.2358,0.8795,0.0724,4.1473,0.8295,0.5904
5,3,1685,1686,2,2,2,0.6250,1685.592,478.145,318.421,9.3992,18.0000,1.1842,0.6038,4.9778,0.3432,0.2505,0.4063,0.6059,0.3645,4.9777,1.5210,0.6579
6,3,1702,1704,3,1,2,1.0000,1702.831,635.000,617.461,10.0541,19.0000,1.2809,0.9506,5.2576,0.5556,0.3333,0.1111,1.0000,0.0000,4.5657,1.1069,0.6067
4,4,1728,1729,2,2,1,1.0000,1728.485,971.500,667.000,9.1423,17.0000,1.0303,0.6965,4.7096,0.0000,0.7500,0.2500,1.0000,0.0000,4.8482,1.2466,1.0000
6,3,1799,1802,4,2,2,0.3750,1800.675,653.855,344.193,9.4134,18.0000,1.3012,0.7164,5.0003,0.7449,0.0647,0.1904,0.9950,0.0995,3.6116,1.3888,0.6024
10,3,1817,1819,3,3,3,0.3704,1818.144,949.048,416.200,10.9999,19.0000,1.5200,0.2511,5.2872,0.2844,0.3857,0.3299,0.7809,0.5272,3.7565,1.1131,0.4080
8,3,1822,1825,4,3,2,0.3333,1823.398,493.122,370.214,9.6492,18.0000,1.4694,0.4683,5.0125,0.3949,0.3171,0.2881,0.9813,0.0833,3.2024,1.3922,0.5102
5,3,1824,1826,3,1,2,0.8333,1824.708,785.000,856.403,8.9691,16.0000,1.1111,0.8148,4.4570,0.5854,0.2927,0.1220,0.9487,0.0000,4.7347,0.8353,0.6667
3,3,1829,1831,3,1,1,1.0000,1829.981,617.000,383.000,8.6926,21.0000,1.1667,0.0185,5.8552,0.8889,0.0000,0.1111,1.0000,0.0000,5.0179,1.2548,1.0000
4,3,1849,1850,2,2,2,0.5000,1849.732,832.446,869.821,7.8511,16.0000,1.1429,0.5504,4.4868,0.5916,0.1015,0.3069,0.5000,0.5000,4.4859,1.4020,0.8214
7,3,1853,1855,3,2,3,0.3889,1854.062,906.615,408.979,10.1918,22.0000,1.6042,0.3910,6.1793,0.1909,0.4622,0.3468,0.7315,0.2073,3.6534,0.8429,0.5625
4,3,1854,1855,2,1,2,1.0000,1854.467,885.000,190.483,8.4280,16.0000,1.0667,0.6719,4.4941,0.0000,0.7500,0.2500,0.0000,0.0000,4.0737,0.8429,0.7833
9,4,1854,1857,4,2,2,0.5625,1855.538,922.650,736.821,10.9616,17.0000,1.3077,0.6067,4.7791,0.7824,0.0670,0.1506,0.9591,0.1071,3.6543,1.1238,0.5470
7,3,1855,1857,3,3,1,0.7778,1856.122,1083.689,824.000,9.5634,18.0000,1.4000,0.3343,5.0602,0.1247,0.7481,0.1273,1.0000,0.0000,3.6563,1.2650,0.5667
5,3,1862,1864,3,1,2,0.8333,1862.776,674.000,242.522,8.4503,17.0000,1.2687,0.5683,4.7949,0.5854,0.2927,0.1220,0.9487,0.0000,4.7934,1.4092,0.7015
5,3,1863,1865,3,1,3,0.5556,1863.938,859.000,268.492,8.2029,15.0000,1.1538,1.0670,4.2329,0.3318,0.5530,0.1152,0.0000,0.0000,4.5127,1.2697,0.6923
11,3,1864,1866,3,3,3,0.4074,1865.206,918.786,534.103,10.7274,16.0000,1.3968,0.8285,4.5198,0.5903,0.0332,0.3765,0.1516,0.4147,3.1071,1.1298,0.3651
16,3,1865,1869,5,3,3,0.3556,1867.273,597.082,805.699,12.9324,19.0000,1.6612,0.4144,5.3701,0.5348,0.3439,0.1214,0.9186,0.0620,3.1123,1.1297,0.2842
4,3,1866,1867,2,1,2,1.0000,1866.526,590.000,773.474,8.0531,15.0000,1.0526,0.7081,4.2395,0.0000,0.7500,0.2500,0.0000,0.0000,4.5210,1.1297,0.7895
7,4,1873,1874,2,2,2,0.8750,1873.449,714.367,309.602,10.5055,18.0000,1.2857,0.7035,5.1039,0.0000,0.3318,0.6682,0.7071,0.5774,4.5373,1.4181,0.6429
6,3,1874,1877,4,2,2,0.3750,1875.612,1101.188,523.237,9.2742,17.0000,1.2750,0.4916,4.8284,0.8076,0.0500,0.1424,0.9217,0.3087,3.6936,1.2783,0.6000
7,3,1883,1885,3,1,3,0.7778,1884.367,786.000,530.033,9.7066,18.0000,1.4000,0.6342,5.1380,0.1247,0.7481,0.1273,0.0000,0.0000,3.9939,1.1415,0.5444
7,3,1885,1888,4,2,2,0.4375,1886.690,867.770,522.115,9.3949,18.0000,1.4483,0.4030,5.1436,0.6673,0.1280,0.2047,0.9953,0.0695,3.4289,0.0005,0.5517
4,3,1908,1909,2,2,1,1.0000,1908.583,924.500,667.000,8.6615,20.0000,1.3333,0.6509,5.7753,0.0000,0.7500,0.2500,1.0000,0.0000,4.6193,1.7331,0.8333
7,3,1908,1910,3,1,4,0.5833,1909.253,1037.000,412.024,9.0597,16.0000,1.3494,0.2542,4.6202,0.5949,0.3298,0.0753,0.2567,0.0000,3.1767,0.8662,0.5542
7,3,1915,1917,3,2,2,0.5833,1915.940,535.536,599.643,9.1918,15.0000,1.2500,1.1398,4.3428,0.5927,0.2184,0.1889,0.8630,0.4864,3.4741,0.8681,0.5357
22,4,1923,1927,5,6,4,0.1833,1925.108,829.968,437.356,15.4765,18.0000,1.5840,0.3734,5.2264,0.6274,0.1626,0.2099,0.0380,0.3654,3.1945,1.5968,0.3200
4,3,1926,1928,3,1,2,0.6667,1927.183,887.000,479.183,8.7161,19.0000,1.2667,0.2593,5.5199,0.7500,0.1500,0.1000,0.9487,0.0000,4.7937,0.8717,0.8167
16,4,1935,1937,3,3,4,0.4444,1935.958,796.745,179.693,15.4334,22.0000,1.6604,0.4009,6.4064,0.1993,0.4609,0.3398,0.3178,0.8004,4.0757,0.8736,0.3962
7,3,1941,1943,3,3,2,0.3889,1942.460,936.414,763.103,9.5892,17.0000,1.3678,0.6271,4.9570,0.3994,0.4037,0.1968,0.7071,0.2752,3.2076,1.4577,0.5517
7,3,1944,1946,3,4,2,0.2917,1944.935,988.183,751.484,10.2556,20.0000,1.5054,0.5213,5.8353,0.5467,0.3087,0.1446,0.0935,0.5063,3.7933,1.6045,0.5591
8,3,1944,1947,4,2,2,0.5000,1945.772,999.535,593.129,10.4201,16.0000,1.2673,0.9108,4.6682,0.6810,0.1576,0.1614,0.9830,0.0199,3.9399,1.6048,0.4554
9,3,1949,1950,2,3,3,0.5000,1949.472,897.731,714.065,10.5121,18.0000,1.5000,0.5471,5.2556,0.5143,0.1395,0.3461,0.1237,0.6392,3.5044,0.8760,0.4537
7,3,1955,1957,3,2,2,0.5833,1955.640,587.787,816.562,9.8324,17.0000,1.3371,0.8048,4.9685,0.4600,0.2645,0.2756,0.8571,0.1000,4.3846,1.3153,0.5281
8,4,1956,1958,3,2,3,0.4444,1957.075,625.299,481.280,11.0598,18.0000,1.3458,1.2097,5.2631,0.1719,0.5278,0.3003,0.7113,0.2817,4.3850,2.0458,0.6168
4,3,1960,1961,2,2,2,0.5000,1960.254,961.254,516.153,8.6282,20.0000,1.3559,0.3906,5.8494,0.0000,0.5625,0.4375,0.4459,0.5774,4.6798,1.3162,0.8475
4,3,1963,1965,3,1,2,0.6667,1964.230,779.000,308.803,8.9250,17.0000,1.1148,0.3023,4.9750,0.7500,0.1500,0.1000,0.9487,0.0000,4.9742,1.4629,0.8033
6,3,1967,1969,3,3,1,0.6667,1967.593,891.778,575.000,9.6801,18.0000,1.3333,0.6329,5.2688,0.2083,0.6667,0.1250,0.8944,0.0000,4.3908,0.8781,0.5926
5,3,1973,1975,3,2,1,0.8333,1973.831,740.723,533.000,8.5144,17.0000,1.3077,0.8757,4.9790,0.5854,0.2927,0.1220,0.9487,0.0000,4.6866,1.7577,0.7231
3,3,1980,1982,3,1,1,1.0000,1981.000,928.000,506.000,7.9523,17.0000,1.0851,0.0000,4.9820,0.8889,0.0000,0.1111,1.0000,0.0000,4.9822,1.4655,1.0000
5,3,1987,1989,3,1,2,0.8333,1987.758,505.000,725.621,8.6534,17.0000,1.2879,0.4497,4.9840,0.5854,0.2927,0.1220,0.9487,0.0000,4.6906,1.7590,0.7121
5,3,1992,1994,3,2,2,0.4167,1993.162,1065.132,425.162,8.9177,16.0000,1.1765,1.1804,4.6920,0.6489,0.0995,0.2515,0.9362,0.2726,5.2782,1.4661,0.7059
8,3,1997,1999,3,2,3,0.4444,1998.396,868.896,521.934,10.9916,18.0000,1.3585,0.6162,5.2793,0.0000,0.6964,0.3036,0.0000,0.1961,3.8129,1.4664,0.4811
6,4,1997,1999,3,2,2,0.5000,1997.744,992.122,312.488,9.8181,16.0000,1.1707,0.8979,4.6926,0.3810,0.3333,0.2857,0.9487,0.1690,4.6926,1.3198,0.7561
7,3,2004,2007,4,2,2,0.4375,2005.785,298.882,878.602,10.3109,17.0000,1.2796,0.8879,4.9867,0.7122,0.1467,0.1411,0.9661,0.0989,3.8132,1.4667,0.5269
4,3,2006,2009,4,1,1,1.0000,2007.362,519.000,655.000,8.5068,16.0000,1.1034,1.3621,4.6934,0.9375,0.0000,0.0625,1.0000,0.0000,4.8401,0.7333,0.8103
4,3,2011,2014,4,1,1,1.0000,2012.357,1185.000,562.000,8.2138,16.0000,1.1429,0.3571,4.6936,0.9375,0.0000,0.0625,1.0000,0.0000,4.6936,0.8801,0.8214
5,3,2026,2028,3,1,2,0.8333,2027.338,845.000,313.382,8.9210,17.0000,1.2500,0.7643,4.9870,0.5854,0.2927,0.1220,0.9487,0.0000,4.6937,1.6134,0.7059
6,3,2026,2028,3,2,2,0.5000,2026.730,969.292,744.831,10.6587,20.0000,1.3483,0.4318,5.8671,0.5230,0.1584,0.3185,0.9225,0.0898,4.5470,1.7601,0.6067
11,3,2031,2033,3,3,2,0.6111,2032.062,904.062,641.295,11.4102,18.0000,1.5349,0.3074,5.2804,0.4158,0.2745,0.3097,0.7906,0.3304,3.2270,1.4668,0.3798
6,3,2036,2038,3,2,2,0.5000,2037.430,488.165,498.658,9.4618,15.0000,1.1392,0.5737,4.4007,0.5034,0.2551,0.2415,0.9677,0.2521,3.8139,0.8801,0.5696
5,3,2039,2040,2,1,3,0.8333,2039.529,652.000,133.721,8.9220,16.0000,1.1765,0.8942,4.6941,0.5854,0.2927,0.1220,0.3162,0.0000,4.4008,1.4669,0.6912
4,3,2040,2042,3,2,1,0.6667,2040.917,980.517,666.000,8.8018,18.0000,1.2000,0.5233,5.2811,0.7576,0.1294,0.1129,0.8507,0.0000,4.8410,1.1736,0.8167
4,3,2042,2044,3,1,2,0.6667,2042.895,907.000,188.526,8.3622,18.0000,1.2632,0.5367,5.2814,0.7576,0.1294,0.1129,0.8507,0.0000,4.6945,1.4671,0.8421
4,3,2047,2048,2,2,1,1.0000,2047.455,1016.436,400.000,8.0700,16.0000,1.1636,0.6985,4.6953,0.0000,0.7500,0.2500,1.0000,0.0000,4.1083,0.2934,0.8364
11,3,2052,2055,4,4,2,0.3438,2053.039,899.819,784.315,11.2398,16.0000,1.3858,1.1010,4.6964,0.6165,0.2734,0.1101,0.9215,0.0420,2.6416,1.1740,0.3701
8,3,2068,2071,4,2,2,0.5000,2069.806,534.621,821.893,10.7021,16.0000,1.2427,0.4387,4.7022,0.6860,0.1469,0.1671,0.9914,0.0730,4.2611,1.4694,0.4466
6,3,2070,2072,3,2,2,0.5000,2070.678,796.460,855.897,10.4389,24.0000,1.6552,0.5707,7.0540,0.6373,0.1269,0.2358,0.8795,0.0724,4.4086,0.8817,0.6322
6,3,2089,2091,3,2,2,0.5000,2090.367,756.354,506.886,9.4969,17.0000,1.2911,0.5228,5.0057,0.5034,0.2551,0.2415,0.9677,0.2521,3.8282,1.1777,0.6076
10,5,2099,2101,3,2,3,0.5556,2100.296,969.356,351.356,12.5826,19.0000,1.4074,0.7934,5.5999,0.1911,0.4811,0.3277,0.9487,0.2862,4.4213,0.5896,0.6148
6,3,2102,2105,4,2,2,0.3750,2103.727,867.883,600.260,9.2679,18.0000,1.4026,0.3943,5.3070,0.8675,0.0267,0.1059,0.9315,0.3570,3.9800,1.4742,0.6234
4,3,2109,2110,2,1,2,1.0000,2109.446,741.000,243.446,8.2591,16.0000,1.1429,0.6313,4.7193,0.0000,0.7500,0.2500,0.0000,0.0000,4.7195,1.0324,0.8214
7,4,2109,2111,3,2,2,0.5833,2109.853,809.895,811.568,10.5916,18.0000,1.3263,0.4680,5.3096,0.4600,0.2645,0.2756,1.0000,0.0000,4.7197,1.1801,0.6947
4,3,2113,2115,3,2,1,0.6667,2113.617,1036.717,406.000,8.8519,17.0000,1.1333,0.9455,5.0158,0.7500,0.1500,0.1000,0.9487,0.0000,5.0160,1.0327,0.8167
11,3,2134,2137,4,2,4,0.3438,2135.069,961.215,521.292,11.5808,16.0000,1.3538,1.3120,4.7275,0.5232,0.3344,0.1424,0.6686,0.0049,3.5453,1.1819,0.3615
4,3,2136,2138,3,2,1,0.6667,2137.393,1060.754,491.000,9.0124,19.0000,1.2459,0.6545,5.6144,0.7500,0.1500,0.1000,0.9487,0.0000,5.0233,1.4774,0.8361
8,3,2149,2152,4,2,2,0.5000,2149.972,769.084,614.383,11.1832,20.0000,1.4953,1.0481,5.9122,0.7254,0.1462,0.1284,0.9899,0.1415,4.1387,1.6259,0.4953
7,3,2156,2159,4,2,2,0.4375,2157.557,909.103,701.732,10.8396,19.0000,1.3711,0.5282,5.6175,0.6673,0.1280,0.2047,0.9953,0.0695,3.8436,1.1827,0.5361
6,3,2158,2161,4,2,2,0.3750,2159.308,961.885,662.782,9.4150,17.0000,1.3077,0.8483,5.0263,0.7722,0.0368,0.1910,0.9884,0.0000,4.1393,1.3305,0.6154
3,3,2176,2178,3,1,1,1.0000,2177.000,972.000,581.000,8.3645,17.0000,1.0408,0.0000,5.0264,0.8889,0.0000,0.1111,1.0000,0.0000,5.0264,1.1827,1.0000
8,3,2198,2201,4,2,2,0.5000,2199.139,871.099,530.673,10.5560,16.0000,1.2673,1.1887,4.7299,0.7254,0.1462,0.1284,0.9899,0.1415,3.8430,0.7390,0.4554
4,3,2202,2204,3,2,1,0.6667,2203.400,970.273,1033.000,8.1291,16.0000,1.1636,0.6591,4.7297,0.7500,0.1500,0.1000,0.9487,0.0000,4.7297,0.8868,0.8364
18,5,2209,2212,4,3,6,0.2500,2210.544,807.827,708.473,16.5124,20.0000,1.5190,1.8202,5.9119,0.6384,0.2925,0.0691,0.4180,0.2564,3.3994,0.5912,0.4852
14,3,2224,2226,3,5,2,0.4667,2224.904,417.972,656.343,14.0622,17.0000,1.3371,0.3569,5.0251,0.7437,0.1266,0.1297,0.4685,0.3424,3.2516,1.0346,0.3596
3,3,2227,2228,2,2,1,0.7500,2227.635,1238.712,673.000,8.8745,19.0000,1.0962,0.6971,5.6163,0.5333,0.2667,0.2000,0.7071,0.0000,5.6164,1.7736,1.0000
4,3,2230,2231,2,2,1,1.0000,2230.578,1186.594,689.000,9.4593,22.0000,1.3750,0.5857,6.5033,0.0000,0.7500,0.2500,1.0000,0.0000,4.2862,0.8868,0.8281
8,3,2236,2238,3,3,2,0.4444,2237.245,1146.118,650.912,10.6607,20.0000,1.5686,0.2858,5.9123,0.2862,0.4811,0.2328,0.1814,0.0689,3.5474,1.7737,0.5098
5,3,2239,2241,3,2,2,0.4167,2239.634,1088.831,708.352,9.3868,16.0000,1.1268,0.7445,4.7300,0.6999,0.1281,0.1720,0.8684,0.1395,4.7300,1.3303,0.6479
4,3,2246,2249,4,1,1,1.0000,2247.593,803.000,674.000,8.7219,17.0000,1.1525,0.4068,5.0262,0.9375,0.0000,0.0625,1.0000,0.0000,3.8436,0.7391,0.7966
4,3,2268,2271,4,1,1,1.0000,2269.586,810.000,700.000,10.3535,21.0000,1.2000,0.5857,6.2122,0.9375,0.0000,0.0625,1.0000,0.0000,5.7684,1.4790,0.8286
10,3,2275,2278,4,2,4,0.3125,2276.147,860.078,742.879,10.8534,16.0000,1.3793,0.2051,4.7340,0.3481,0.4949,0.1570,0.5750,0.0282,2.6630,0.5917,0.4052
10,3,2286,2288,3,2,3,0.5556,2286.766,980.734,536.435,11.6064,16.0000,1.2903,0.6665,4.7359,0.2511,0.4254,0.3235,0.8987,0.3008,3.9959,1.1839,0.3710
5,3,2292,2294,3,2,2,0.4167,2292.812,1139.841,781.870,9.1358,18.0000,1.3043,0.8373,5.3289,0.6489,0.0995,0.2515,0.9362,0.2726,4.7370,0.7401,0.7101
6,3,2305,2307,3,2,2,0.5000,2305.623,535.883,371.351,9.3119,16.0000,1.2468,0.5277,4.7397,0.5034,0.2551,0.2415,0.9677,0.2521,4.2953,1.7775,0.5974
10,4,2321,2323,3,3,4,0.2778,2321.508,800.161,693.935,11.6239,16.0000,1.2903,1.0692,4.7431,0.7883,0.0843,0.1273,0.3237,0.2163,2.8161,0.8893,0.4919
6,3,2343,2345,3,2,2,0.5000,2344.053,1065.120,504.347,9.0817,16.0000,1.2800,0.3707,4.7457,0.5230,0.1584,0.3185,0.9225,0.0898,4.0042,1.1864,0.6267
3,3,2344,2345,2,1,2,0.7500,2344.333,934.000,755.333,7.7061,15.0000,1.0000,0.4714,4.4491,0.5333,0.2667,0.2000,0.7071,0.0000,5.0423,1.4830,1.0000
5,3,2353,2354,2,2,2,0.6250,2353.408,884.127,1036.592,9.4175,17.0000,1.1972,0.5914,5.0421,0.3432,0.2505,0.4063,0.6059,0.3645,5.0420,0.8898,0.6901
8,3,2353,2356,4,2,2,0.5000,2354.908,1105.684,938.092,10.2761,17.0000,1.3878,1.1404,5.0418,0.7254,0.1462,0.1284,0.9899,0.1415,3.5591,0.8898,0.4898
4,3,2361,2364,4,1,1,1.0000,2362.306,1152.000,796.000,9.1923,21.0000,1.3548,0.3065,6.2271,0.9375,0.0000,0.0625,1.0000,0.0000,5.1893,0.8896,0.8387
10,3,2368,2371,4,3,2,0.4167,2369.123,1082.008,940.393,11.4371,18.0000,1.4754,0.9613,5.3359,0.6053,0.2423,0.1524,0.8682,0.1434,2.8164,0.1483,0.4262
21,10,2373,2376,4,4,4,0.3281,2374.412,837.196,922.781,20.1145,25.0000,1.6881,0.6577,7.4095,0.5772,0.1519,0.2708,0.7792,0.6128,4.4458,0.8892,0.5949
7,3,2378,2380,3,2,2,0.5833,2378.946,447.570,477.774,10.4162,17.0000,1.2796,0.4887,5.0376,0.4296,0.3471,0.2233,0.9305,0.2273,3.2598,1.0371,0.5161
4,3,2385,2386,2,2,1,1.0000,2385.466,1260.552,656.000,8.5915,17.0000,1.1724,0.6976,5.0363,0.0000,0.7500,0.2500,1.0000,0.0000,4.8884,1.1850,0.8276
7,3,2387,2390,4,2,2,0.4375,2388.865,1096.315,764.899,9.9647,17.0000,1.3371,0.7058,5.0358,0.7514,0.0882,0.1604,0.9757,0.1283,3.5546,1.7774,0.5506
7,3,2401,2404,4,2,2,0.4375,2402.517,998.348,700.112,9.9629,16.0000,1.2584,0.8190,4.7388,0.6673,0.1280,0.2047,0.9953,0.0695,3.8503,1.4809,0.5169
11,3,2406,2409,4,2,2,0.6875,2407.479,1071.548,677.699,13.0382,20.0000,1.5068,0.7880,5.9236,0.7234,0.1176,0.1590,0.9852,0.1481,4.1466,1.4809,0.3767
6,3,2419,2421,3,2,2,0.5000,2420.277,972.301,851.855,10.0394,17.0000,1.2289,0.4341,5.0367,0.5034,0.2551,0.2415,0.9677,0.2521,4.5922,0.8888,0.5663
6,3,2439,2441,3,2,2,0.5000,2440.195,1024.220,347.268,9.9254,18.0000,1.3171,0.8481,5.3368,0.5230,0.1584,0.3185,0.9225,0.0898,4.4473,1.1859,0.6098
7,3,2446,2448,3,4,1,0.5833,2446.593,1080.363,531.000,10.1992,19.0000,1.4615,0.5448,5.6342,0.3766,0.5340,0.0894,0.3052,0.0000,3.5585,0.5930,0.5604
6,5,2458,2461,4,2,2,0.3750,2459.500,1019.904,753.330,11.3805,22.0000,1.4043,0.6066,6.5243,0.8076,0.0500,0.1424,0.9217,0.3087,4.4483,1.0379,0.9043
6,3,2466,2468,3,2,2,0.5000,2466.882,965.729,648.659,10.2901,18.0000,1.2706,0.4511,5.3376,0.6381,0.1455,0.2164,0.8019,0.3768,4.5963,1.1861,0.5647
7,3,2484,2487,4,2,2,0.4375,2485.522,765.804,580.109,10.3080,19.0000,1.4457,0.5280,5.6323,0.8522,0.0413,0.1065,0.9646,0.1833,3.8538,1.3340,0.5652
8,3,2502,2505,4,3,3,0.2222,2503.000,637.011,600.989,9.8512,17.0000,1.4468,0.0150,5.0391,0.5291,0.3272,0.1437,0.8739,0.0327,3.4088,2.0749,0.5106
13,3,2529,2531,3,3,3,0.4815,2530.018,896.876,774.562,13.9022,24.0000,1.8462,0.4555,7.1184,0.3703,0.0757,0.5540,0.7557,0.4052,4.1525,0.8898,0.3432
7,3,2537,2540,4,2,2,0.4375,2538.921,914.303,438.787,9.9792,17.0000,1.3371,0.7328,5.0432,0.7961,0.0527,0.1512,0.9518,0.2173,3.5599,0.8900,0.5393
4,3,2597,2599,3,1,2,0.6667,2598.030,956.000,715.851,9.9239,20.0000,1.1940,0.9816,5.9245,0.5357,0.3214,0.1429,1.0000,0.0000,5.7767,1.4812,0.8507
3,3,2607,2609,3,1,1,1.0000,2608.000,784.000,889.000,8.0357,17.0000,1.0851,0.0000,5.0342,0.8889,0.0000,0.1111,1.0000,0.0000,5.0344,1.4806,1.0000
7,3,2614,2616,3,2,2,0.5833,2615.110,844.901,933.637,10.1832,17.0000,1.3077,1.1718,5.0333,0.5916,0.2044,0.2040,0.9664,0.1591,3.8488,0.5921,0.5385
4,3,2620,2621,2,2,1,1.0000,2620.460,1145.413,560.000,9.3248,19.0000,1.2063,0.6794,5.6244,0.0000,0.7500,0.2500,1.0000,0.0000,5.6245,0.8881,0.8413
7,3,2623,2626,4,3,2,0.2917,2624.337,817.675,996.108,9.2858,16.0000,1.3494,0.4810,4.7360,0.7703,0.1099,0.1197,0.8902,0.0870,2.9601,1.1840,0.5663
5,3,2643,2645,3,2,1,0.8333,2643.800,842.443,830.000,9.2634,16.0000,1.1429,0.9749,4.7346,0.5854,0.2927,0.1220,0.9487,0.0000,4.7345,1.1836,0.6571
7,3,2648,2651,4,2,2,0.4375,2649.565,579.341,1007.106,9.5062,17.0000,1.4000,0.5631,5.0302,0.6023,0.2183,0.1794,0.9919,0.0509,3.5508,1.0356,0.5529
4,3,2658,2660,3,2,1,0.6667,2658.893,1151.554,840.000,8.2850,16.0000,1.1429,0.9982,4.7343,0.7576,0.1294,0.1129,0.8507,0.0000,4.7343,1.1836,0.8214
7,4,2663,2666,4,2,2,0.4375,2664.538,857.312,1113.903,10.4011,17.0000,1.2796,0.5660,5.0303,0.6023,0.2183,0.1794,0.9919,0.0509,4.7345,1.1836,0.6882
4,3,2677,2678,2,2,1,1.0000,2677.456,805.526,969.000,8.4344,16.0000,1.1228,0.6965,4.7351,0.0000,0.7500,0.2500,1.0000,0.0000,4.7351,1.1838,0.8070
6,3,2688,2691,4,2,2,0.3750,2689.667,633.120,1075.120,9.0636,16.0000,1.2800,0.3740,4.7363,0.8087,0.0589,0.1324,0.9827,0.1690,4.1442,1.4800,0.6133
5,3,2701,2702,2,2,2,0.6250,2701.771,433.714,974.629,9.2699,18.0000,1.2857,0.5214,5.3301,0.3432,0.2505,0.4063,0.5155,0.8569,4.4416,1.1844,0.7143
3,3,2701,2703,3,1,1,1.0000,2702.000,844.000,1246.000,7.6934,15.0000,1.0000,1.0000,4.4419,0.8889,0.0000,0.1111,1.0000,0.0000,4.1457,-0.1481,1.0000
6,4,2741,2743,3,2,2,0.5000,2741.697,880.888,603.483,10.7750,20.0000,1.3483,0.8552,5.9310,0.3810,0.3333,0.2857,0.9487,0.1690,5.1897,1.4828,0.7865
6,3,2769,2771,3,2,1,1.0000,2770.082,804.541,923.000,10.2961,17.0000,1.2000,1.0260,5.0441,0.5556,0.3333,0.1111,1.0000,0.0000,4.5990,1.1868,0.5765
8,3,2772,2774,3,2,3,0.4444,2773.102,828.361,971.991,11.3296,20.0000,1.4815,0.3753,5.9342,0.5651,0.0457,0.3892,0.9498,0.3090,3.4122,0.8901,0.4907
10,3,2797,2800,4,4,2,0.3125,2798.743,855.681,855.327,10.6011,16.0000,1.4159,0.5240,4.7467,0.8483,0.0422,0.1096,0.8085,0.0169,2.9668,0.8900,0.4071
4,3,2809,2810,2,2,1,1.0000,2809.517,976.569,613.000,8.6018,18.0000,1.2414,0.6733,5.3391,0.0000,0.7500,0.2500,1.0000,0.0000,4.7458,1.4831,0.8276
4,3,2826,2827,2,1,2,1.0000,2826.414,562.000,636.569,8.5984,18.0000,1.2414,0.5975,5.3370,0.0000,0.7500,0.2500,0.0000,0.0000,4.8922,1.7790,0.8448
5,3,2839,2841,3,2,2,0.4167,2840.014,853.129,1190.843,9.2782,19.0000,1.3571,0.2035,5.6312,0.7958,0.0325,0.1718,0.9294,0.3690,4.7420,1.7783,0.7143
7,3,2855,2857,3,2,2,0.5833,2856.239,804.670,934.568,9.8527,16.0000,1.2727,0.5933,4.7397,0.5352,0.1763,0.2885,0.8018,0.5745,4.1472,1.1849,0.5227
4,3,2857,2859,3,1,2,0.6667,2857.877,834.000,1099.421,8.4420,17.0000,1.1930,0.4386,5.0356,0.7576,0.1294,0.1129,0.8507,0.0000,5.1838,0.8886,0.8421
6,3,2892,2895,4,2,2,0.3750,2893.897,776.128,875.513,9.4213,15.0000,1.1538,0.5385,4.4379,0.8688,0.0142,0.1170,0.9156,0.3015,4.4379,1.4793,0.5769
38,15,2900,2904,5,5,6,0.2533,2901.747,614.052,600.044,27.4475,31.0000,2.0594,0.2625,9.1697,0.0895,0.3319,0.5786,0.2566,0.6078,3.8453,0.8873,0.5280
5,3,2907,2909,3,2,2,0.4167,2908.100,574.871,919.557,9.2586,17.0000,1.2143,0.4719,5.0278,0.7729,0.0435,0.1836,0.8328,0.5477,4.8801,1.4788,0.6857
5,4,2922,2924,3,1,2,0.8333,2923.278,635.000,1210.569,9.5204,16.0000,1.1111,0.9197,4.7307,0.5854,0.2927,0.1220,0.9487,0.0000,5.0264,1.6262,0.8472
15,5,2938,2941,4,3,3,0.4167,2939.585,198.495,558.904,14.3501,17.0000,1.3564,0.6608,5.0256,0.6218,0.0713,0.3069,0.9130,0.3687,3.2519,0.8869,0.4202
9,4,2945,2948,4,2,3,0.3750,2946.383,605.922,1087.504,11.3323,17.0000,1.3304,0.6310,5.0256,0.5383,0.3006,0.1611,0.9282,0.0614,4.1387,1.9216,0.5391
7,3,2955,2958,4,2,2,0.4375,2956.495,640.352,958.890,10.1687,17.0000,1.3077,0.6167,5.0259,0.6625,0.1752,0.1623,0.9597,0.1934,4.1390,1.3304,0.5385
8,3,2960,2963,4,2,2,0.5000,2961.670,661.598,1028.186,10.1397,17.0000,1.4021,0.7077,5.0263,0.7435,0.1182,0.1384,0.9342,0.2294,3.5480,0.7392,0.4845
9,4,2979,2982,4,3,2,0.3750,2980.583,565.442,871.925,11.8303,20.0000,1.5000,0.6118,5.9152,0.6458,0.2394,0.1148,0.9375,0.1455,4.4365,1.7746,0.5417
6,3,2980,2981,2,2,2,0.7500,2980.537,630.354,987.720,9.9009,15.0000,1.0976,0.7012,4.4364,0.2000,0.3333,0.4667,0.0000,0.0000,4.5842,1.1830,0.5488
5,3,2981,2983,3,2,1,0.8333,2981.781,562.625,1061.000,8.4652,15.0000,1.1719,0.8666,4.4365,0.5854,0.2927,0.1220,0.9487,0.0000,4.1406,0.7394,0.7031
9,3,3008,3011,4,2,3,0.3750,3009.944,862.250,840.574,10.6489,19.0000,1.5833,0.6286,5.6202,0.4600,0.3898,0.1501,0.9855,0.1677,2.6622,0.2958,0.4537
6,3,3011,3013,3,3,1,0.6667,3011.821,433.769,969.000,9.4192,16.0000,1.2308,0.7899,4.7327,0.4000,0.4800,0.1200,0.7071,0.0000,4.4369,1.4790,0.5897
6,4,3018,3020,3,2,2,0.5000,3018.765,834.506,661.123,9.7806,15.0000,1.1111,0.9259,4.4366,0.3810,0.3333,0.2857,0.9487,0.1690,4.7323,0.8873,0.7407
4,4,3039,3040,2,1,2,1.0000,3039.500,580.000,1182.500,9.1664,16.0000,1.0323,0.7071,4.7310,0.0000,0.7500,0.2500,0.0000,0.0000,4.2875,0.8871,1.0000
8,3,3041,3044,4,2,2,0.5000,3043.108,716.586,994.766,11.6038,19.0000,1.3694,1.0924,5.6179,0.7830,0.0124,0.2046,0.9492,0.3148,4.4352,1.0349,0.6126
6,3,3067,3069,3,3,1,0.6667,3067.588,349.250,754.000,9.6575,17.0000,1.2750,0.6385,5.0268,0.2083,0.6667,0.1250,0.8944,0.0000,4.8790,0.8871,0.6125
5,3,3068,3070,3,2,1,0.8333,3069.138,461.277,786.000,8.5958,17.0000,1.3077,0.3096,5.0270,0.5854,0.2927,0.1220,0.9487,0.0000,4.7312,0.8871,0.7231
6,3,3069,3071,3,1,3,0.6667,3070.247,462.000,892.224,10.2614,19.0000,1.3412,0.3332,5.6184,0.4000,0.4800,0.1200,0.7071,0.0000,4.5835,1.3307,0.6000
11,6,3069,3071,3,2,3,0.6111,3069.718,962.476,1021.600,15.1570,24.0000,1.5529,0.6832,7.0970,0.3602,0.1709,0.4688,0.8899,0.0895,4.1398,1.1829,0.6941
10,3,3071,3074,4,2,3,0.4167,3072.504,493.333,792.447,11.5022,18.0000,1.4634,0.7463,5.3230,0.7608,0.0894,0.1498,0.8627,0.1606,3.5486,0.8872,0.3984
5,3,3073,3074,2,2,2,0.6250,3073.478,688.866,1040.612,8.8608,17.0000,1.2687,0.6645,5.0273,0.3432,0.2505,0.4063,0.6059,0.3645,4.7315,0.5915,0.7015
28,7,3076,3080,5,5,5,0.2240,3078.103,631.265,1064.450,20.0086,24.0000,1.8771,0.6196,7.0978,0.5313,0.2336,0.2351,0.4881,0.5731,3.8447,1.0351,0.3547
4,3,3079,3080,2,1,2,1.0000,3079.576,684.000,1240.593,8.7246,19.0000,1.2881,0.5874,5.6193,0.0000,0.7500,0.2500,0.0000,0.0000,4.2883,0.8873,0.8475
6,3,3101,3103,3,3,2,0.3333,3101.821,508.012,1138.857,10.1451,19.0000,1.3571,0.8338,5.6208,0.5384,0.1347,0.3269,0.8322,0.1385,4.2897,1.6271,0.6071
6,3,3106,3108,3,2,2,0.5000,3106.875,390.587,999.275,9.6624,17.0000,1.2750,0.5113,5.0294,0.4246,0.3485,0.2269,0.7895,0.0722,4.5856,1.4792,0.5875
6,3,3112,3114,3,2,2,0.5000,3113.216,527.405,724.865,8.9381,15.0000,1.2162,0.4789,4.4379,0.5230,0.1584,0.3185,0.9225,0.0898,3.9941,0.8876,0.6081
6,3,3129,3131,3,3,1,0.6667,3129.840,182.160,965.000,9.7841,19.0000,1.4074,0.2270,5.6216,0.4000,0.4800,0.1200,0.7071,0.0000,4.2902,0.5918,0.6173
11,3,3142,3145,4,3,3,0.3056,3143.770,588.885,982.842,12.4007,18.0000,1.4245,0.7943,5.3260,0.7066,0.1193,0.1740,0.8101,0.0573,3.8466,1.4794,0.3741
6,3,3146,3148,3,2,2,0.5000,3147.063,540.861,871.316,9.5430,17.0000,1.2911,0.3515,5.0302,0.7074,0.0897,0.2030,0.9140,0.2540,4.1425,0.8877,0.5949
5,3,3147,3148,2,2,2,0.6250,3147.394,654.848,1047.636,8.7336,17.0000,1.2879,0.7228,5.0302,0.3432,0.2505,0.4063,0.6059,0.3645,5.0301,1.0356,0.7121
7,3,3148,3150,3,2,3,0.3889,3149.220,977.505,719.000,10.1772,18.0000,1.3846,0.5411,5.3261,0.2791,0.1196,0.6013,0.9487,0.3162,3.8466,0.8877,0.5604
5,3,3156,3158,3,1,3,0.5556,3157.269,809.000,1045.985,8.8664,17.0000,1.2687,0.2691,5.0304,0.3318,0.5530,0.1152,1.0000,0.0000,4.1427,0.5918,0.7164
16,4,3166,3169,4,4,3,0.3333,3167.518,1316.127,579.619,14.5746,18.0000,1.4619,0.6551,5.3268,0.3078,0.1966,0.4956,0.2662,0.3331,3.2552,1.1837,0.3350
5,3,3171,3173,3,1,2,0.8333,3172.284,496.000,835.541,9.7938,17.0000,1.1486,0.6105,5.0310,0.5854,0.2927,0.1220,0.9487,0.0000,5.3269,1.1838,0.6757
5,3,3181,3182,2,2,2,0.6250,3181.438,491.466,1122.137,9.6621,18.0000,1.2329,0.7045,5.3273,0.3432,0.2505,0.4063,0.6059,0.3645,5.0314,1.4798,0.6849
5,3,3203,3205,3,2,1,0.8333,3204.159,266.696,654.000,9.1330,16.0000,1.1594,1.1987,4.7356,0.5854,0.2927,0.1220,0.9487,0.0000,5.0315,1.0359,0.6957
3,3,3236,3237,2,1,2,0.7500,3236.694,692.000,850.694,8.3700,19.0000,1.1633,0.4329,5.6214,0.5333,0.2667,0.2000,0.7071,0.0000,4.7339,1.6273,1.0000
7,3,3243,3245,3,2,2,0.5833,3243.690,779.310,949.793,9.7278,17.0000,1.3678,0.4852,5.0291,0.3772,0.3083,0.3146,0.9758,0.2185,3.5500,0.5917,0.5632
5,3,3269,3271,3,2,2,0.4167,3269.797,488.580,723.855,9.1251,18.0000,1.3043,0.6311,5.3228,0.7729,0.0435,0.1836,0.8328,0.5477,4.7314,1.7743,0.6957
22,3,3282,3286,5,6,4,0.1833,3284.061,600.520,627.455,15.3807,16.0000,1.4426,1.9328,4.7307,0.6899,0.2122,0.0978,0.4516,0.2278,2.5132,0.5913,0.2582
6,3,3301,3303,3,1,3,0.6667,3301.815,505.000,806.099,9.7761,17.0000,1.2593,0.2099,5.0258,0.6944,0.2222,0.0833,0.6000,0.0000,4.4346,1.0347,0.5926
7,5,3313,3315,3,2,2,0.5833,3314.173,522.908,869.469,10.9508,17.0000,1.2143,0.5088,5.0260,0.5916,0.2044,0.2040,0.9664,0.1591,5.0260,1.4782,0.8163
4,3,3314,3316,3,2,1,0.6667,3315.000,696.210,882.000,9.1650,19.0000,1.2258,0.2097,5.6173,0.5357,0.3214,0.1429,1.0000,0.0000,5.3216,1.7739,0.7903
5,3,3324,3325,2,1,3,0.8333,3324.418,506.000,1036.761,8.8590,18.0000,1.3433,0.6292,5.3220,0.5854,0.2927,0.1220,0.3162,0.0000,4.7306,1.6261,0.7164
5,3,3329,3331,3,2,1,0.8333,3329.797,292.551,832.000,9.1238,16.0000,1.1594,0.5869,4.7308,0.5854,0.2927,0.1220,0.9487,0.0000,4.1394,0.0000,0.6667
9,4,3331,3333,3,4,2,0.3750,3331.930,429.395,824.535,11.2358,18.0000,1.4211,0.7664,5.3222,0.6471,0.1574,0.1954,0.0876,0.3968,3.8438,1.1827,0.5614
5,3,3343,3345,3,1,2,0.8333,3343.829,728.000,1079.671,9.2569,17.0000,1.2143,0.3706,5.0269,0.5854,0.2927,0.1220,0.9487,0.0000,4.1398,1.3307,0.6714
8,3,3344,3345,2,2,2,1.0000,3344.491,572.491,479.444,11.2910,16.0000,1.1852,0.8353,4.7312,0.0000,0.0000,1.0000,0.0000,1.0000,4.2877,1.0350,0.4259
8,3,3350,3351,2,2,3,0.6667,3350.624,501.578,790.468,11.3958,19.0000,1.3945,0.9222,5.6184,0.4716,0.1249,0.4035,0.3646,0.8369,3.8442,1.6264,0.4862
3,3,3371,3372,2,1,2,0.7500,3371.674,635.000,548.326,7.8534,16.0000,1.0435,0.4612,4.7313,0.5333,0.2667,0.2000,0.7071,0.0000,4.1399,0.8871,1.0000
7,3,3394,3395,2,3,2,0.5833,3394.402,267.159,665.659,9.1638,15.0000,1.2805,1.2731,4.4351,0.4741,0.2996,0.2262,0.3442,0.6177,3.2524,1.4783,0.5488
5,3,3396,3397,2,2,2,0.6250,3396.529,497.132,749.574,8.9914,17.0000,1.2500,0.7917,5.0264,0.3432,0.2505,0.4063,0.6059,0.3645,4.1393,1.3305,0.6912
5,3,3419,3421,3,2,1,0.8333,3419.677,802.615,390.000,8.5937,16.0000,1.2308,0.9148,4.7301,0.5854,0.2927,0.1220,0.9487,0.0000,4.7301,0.8869,0.7077
8,3,3460,3462,3,4,1,0.6667,3461.306,742.786,549.000,10.2487,16.0000,1.3061,1.3986,4.7328,0.6060,0.3308,0.0632,0.0391,0.0000,3.6975,0.8874,0.4694
4,3,3465,3466,2,2,1,1.0000,3465.556,551.556,896.000,7.9876,15.0000,1.1111,0.7115,4.4376,0.0000,0.7500,0.2500,1.0000,0.0000,4.8813,0.8875,0.8333
8,3,3468,3470,3,2,3,0.4444,3468.892,609.108,468.735,10.6699,19.0000,1.4902,0.3055,5.6216,0.4479,0.3131,0.2390,0.8606,0.0694,3.6985,1.4793,0.4804
6,3,3490,3492,3,2,1,1.0000,3491.000,602.513,422.000,9.6709,16.0000,1.2000,0.5125,4.7378,0.5556,0.3333,0.1111,1.0000,0.0000,4.8858,1.4806,0.5875
6,3,3495,3497,3,2,2,0.5000,3495.650,873.312,606.862,9.6723,17.0000,1.2750,0.7342,5.0346,0.5034,0.2551,0.2415,0.9677,0.2521,4.1461,1.1846,0.6125
7,3,3515,3517,3,2,2,0.5833,3515.854,326.219,566.458,10.7499,17.0000,1.2396,1.0348,5.0365,0.3883,0.1309,0.4808,0.9235,0.3259,4.4441,1.1851,0.5208
10,3,3519,3522,4,2,3,0.4167,3520.165,854.273,797.884,11.3368,16.0000,1.3223,1.2024,4.7405,0.6959,0.0451,0.2590,0.9662,0.0000,3.7035,0.5926,0.3884
4,3,3520,3523,4,1,1,1.0000,3521.368,534.000,379.000,8.4441,16.0000,1.1228,1.3684,4.7405,0.9375,0.0000,0.0625,1.0000,0.0000,4.1480,1.1851,0.8070
6,4,3542,3544,3,2,1,1.0000,3543.040,603.450,519.000,12.0993,20.0000,1.2000,1.0602,5.9275,0.5556,0.3333,0.1111,1.0000,0.0000,5.4828,1.9264,0.7300
7,3,3547,3549,3,2,3,0.3889,3547.933,459.900,587.167,10.0827,18.0000,1.4000,0.9534,5.3353,0.4552,0.3334,0.2114,0.8579,0.2968,4.1497,1.4820,0.5667
6,3,3550,3552,3,2,2,0.5000,3550.633,277.253,410.797,9.5601,16.0000,1.2152,1.0491,4.7428,0.5034,0.2551,0.2415,0.9677,0.2521,4.5945,0.8893,0.5949
4,3,3570,3571,2,1,2,1.0000,3570.450,430.000,349.433,8.8996,17.0000,1.1333,0.6247,5.0432,0.0000,0.7500,0.2500,0.0000,0.0000,5.4879,1.3350,0.8333
6,3,3588,3590,3,1,2,1.0000,3589.136,852.000,767.457,9.8201,17.0000,1.2593,0.4765,5.0487,0.5556,0.3333,0.1111,1.0000,0.0000,4.4546,1.4849,0.6049
5,3,3589,3591,3,2,2,0.4167,3589.761,478.149,326.358,8.8984,18.0000,1.3433,0.4557,5.3456,0.7729,0.0435,0.1836,0.8328,0.5477,5.0484,1.7818,0.7164
6,5,3591,3593,3,2,1,1.0000,3592.111,740.509,607.000,13.0959,23.0000,1.2778,0.5032,6.8314,0.5556,0.3333,0.1111,1.0000,0.0000,4.7525,0.1486,0.8981
20,6,3591,3594,4,5,3,0.3333,3592.524,744.750,609.110,19.3939,25.0000,1.7123,2.4662,7.4259,0.7048,0.1264,0.1688,0.1496,0.2468,4.4552,1.4851,0.5377
12,4,3591,3594,4,4,2,0.3750,3592.793,750.731,612.642,16.5490,26.0000,1.6166,0.9947,7.7230,0.5634,0.3124,0.1242,0.6127,0.1578,4.3071,1.1881,0.6166
10,4,3591,3594,4,3,2,0.4167,3592.449,755.494,615.152,14.8407,27.0000,1.7089,0.6938,8.0200,0.4703,0.3350,0.1947,0.9409,0.1088,3.5645,0.8912,0.5570
24,3,3591,3594,4,4,5,0.3000,3592.824,774.583,631.923,20.3723,23.0000,1.6429,1.9615,6.8319,0.5828,0.3244,0.0928,0.2499,0.1373,3.1192,0.5941,0.4702
4,3,3591,3594,4,1,1,1.0000,3592.730,787.000,649.000,9.3565,23.0000,1.4603,0.2698,6.8319,0.9375,0.0000,0.0625,1.0000,0.0000,4.9011,0.4456,0.8571
9,7,3592,3595,4,2,2,0.5625,3593.231,764.354,622.619,14.5551,21.0000,1.2857,0.7496,6.2378,0.5845,0.2521,0.1634,0.9816,0.1908,4.7530,0.2971,0.8571
5,3,3592,3594,3,1,2,0.8333,3593.067,784.000,644.240,9.9630,21.0000,1.4000,0.2491,6.2378,0.5854,0.2927,0.1220,0.9487,0.0000,5.0500,0.7427,0.7600
6,3,3592,3594,3,1,2,1.0000,3592.989,790.000,654.362,11.3989,26.0000,1.6596,0.3619,7.7230,0.5556,0.3333,0.1111,1.0000,0.0000,3.7131,0.2971,0.6383
8,5,3592,3594,3,1,3,0.8889,3593.131,799.000,674.654,16.0680,28.0000,1.4641,0.6665,8.3171,0.3375,0.5625,0.1000,0.7071,0.0000,5.7923,1.1882,0.7843
34,10,3592,3595,4,2,12,0.3542,3593.839,801.914,700.785,23.6891,25.0000,1.8280,4.2190,7.4264,0.9333,0.0494,0.0173,0.1052,0.0859,3.5645,0.5942,0.4731
41,12,3593,3597,5,5,8,0.2050,3594.678,797.108,720.899,25.2387,26.0000,1.9596,3.1763,7.7235,0.6742,0.1813,0.1445,0.1157,0.7843,3.2678,1.1882,0.4577
15,5,3593,3595,3,2,6,0.4167,3594.229,799.657,714.843,18.1014,30.0000,1.9068,0.4413,8.9117,0.7518,0.1675,0.0808,0.0968,0.1469,3.5647,0.2971,0.6271
8,4,3593,3595,3,3,3,0.2963,3594.248,800.744,709.471,12.7083,29.0000,1.9174,0.6379,8.6147,0.3035,0.4232,0.2734,0.2939,0.5957,4.0104,1.1881,0.6281
6,3,3607,3609,3,2,2,0.5000,3608.321,545.889,444.395,9.8328,16.0000,1.1852,0.6938,4.7578,0.5034,0.2551,0.2415,0.9677,0.2521,3.8656,0.8918,0.5802
7,3,3608,3611,4,2,3,0.2917,3609.978,403.122,615.000,10.1161,18.0000,1.4000,0.9854,5.3526,0.7248,0.1302,0.1450,0.9790,0.1505,3.5689,1.4870,0.5667
7,3,3624,3626,3,3,2,0.3889,3624.506,474.012,607.588,9.5640,16.0000,1.3176,0.6433,4.7632,0.2873,0.4228,0.2899,0.9129,0.1849,3.8699,1.0419,0.5412
6,3,3632,3633,2,3,2,0.5000,3632.600,347.637,431.887,9.7276,18.0000,1.3500,0.7100,5.3611,0.5034,0.2551,0.2415,0.1128,0.4328,4.6166,1.7869,0.6000
6,3,3645,3647,3,2,2,0.5000,3645.566,733.158,955.526,9.2472,16.0000,1.2632,0.6617,4.7687,0.6373,0.1269,0.2358,0.8795,0.0724,4.6195,1.7882,0.6053
19,7,3645,3647,3,3,4,0.5278,3646.026,1030.978,735.363,18.2563,22.0000,1.5655,0.3649,6.5569,0.3104,0.1090,0.5806,0.2876,0.1271,4.1724,1.1922,0.4757
8,3,3649,3651,3,2,2,0.6667,3649.969,471.677,641.583,10.1172,16.0000,1.3333,0.6675,4.7693,0.5524,0.0893,0.3583,0.8881,0.4597,2.9809,0.5962,0.4792
7,3,3649,3652,4,2,2,0.4375,3650.352,477.216,782.898,9.9146,18.0000,1.4318,0.6904,5.3656,0.7514,0.0882,0.1604,0.9757,0.1283,3.2788,1.1923,0.5795
4,4,3650,3651,2,2,1,1.0000,3650.500,713.531,294.000,9.5388,17.0000,1.0625,0.6854,5.0675,0.0000,0.7500,0.2500,1.0000,0.0000,5.0675,1.7885,1.0000
11,4,3697,3701,5,3,3,0.2444,3698.679,433.808,721.000,14.0218,24.0000,1.6923,0.7062,7.1546,0.7464,0.0897,0.1638,0.9912,0.0764,3.8754,1.1924,0.4936
7,3,3701,3702,2,3,2,0.5833,3701.341,698.398,337.250,9.9155,17.0000,1.3523,0.7358,5.0679,0.3772,0.3083,0.3146,0.1545,0.6900,3.8755,1.1924,0.5341
8,3,3728,3730,3,2,2,0.6667,3728.813,528.533,420.804,11.2824,20.0000,1.4953,0.5402,5.9648,0.5487,0.1069,0.3444,0.9672,0.2262,4.1753,1.7894,0.4860
5,3,3742,3743,2,2,2,0.6250,3742.372,480.167,303.564,10.4068,18.0000,1.1538,0.6959,5.3700,0.3432,0.2505,0.4063,0.6059,0.3645,5.0718,0.8950,0.6667
4,3,3822,3825,4,1,1,1.0000,3823.578,535.000,385.000,9.5829,17.0000,1.0625,0.4219,5.0916,0.9375,0.0000,0.0625,1.0000,0.0000,5.2405,2.0960,0.7812
8,3,3837,3839,3,3,2,0.4444,3837.708,678.104,427.427,10.1785,16.0000,1.3333,0.9170,4.7978,0.3837,0.1636,0.4526,0.7961,0.3359,3.5987,1.4992,0.4792
7,3,3839,3842,4,2,2,0.4375,3840.911,616.100,1069.278,10.2047,16.0000,1.2444,0.9577,4.7994,0.7514,0.0882,0.1604,0.9757,0.1283,4.2003,1.1995,0.5111
4,3,3843,3844,2,2,1,1.0000,3843.491,633.564,416.000,8.2521,17.0000,1.2364,0.6705,5.1016,0.0000,0.7500,0.2500,1.0000,0.0000,4.5009,1.2004,0.8182
6,3,3845,3847,3,2,2,0.5000,3846.026,622.740,275.117,9.4356,17.0000,1.3247,1.0148,5.1033,0.7074,0.0897,0.2030,0.9140,0.2540,4.2020,1.5007,0.6234
6,3,3849,3851,3,2,2,0.5000,3849.890,543.205,565.740,8.9494,15.0000,1.2329,1.2214,4.5039,0.7074,0.0897,0.2030,0.9140,0.2540,4.0539,1.5016,0.5890
7,3,3852,3854,3,2,2,0.5833,3853.169,555.528,513.101,10.1054,17.0000,1.3371,0.5112,5.1068,0.5916,0.2044,0.2040,0.9664,0.1591,3.6053,0.9013,0.5393
9,3,3858,3861,4,3,3,0.2500,3859.649,353.541,392.964,11.1238,16.0000,1.2973,0.5795,4.8105,0.3849,0.4108,0.2043,0.5841,0.0461,3.3073,0.9021,0.4054
4,3,3858,3859,2,1,3,0.6667,3858.269,485.000,537.096,7.8154,15.0000,1.1538,0.2859,4.5087,0.5357,0.3214,0.1429,0.0000,0.0000,4.8094,0.9018,0.8269
3,3,3864,3865,2,2,1,0.7500,3864.326,587.304,273.000,7.9893,17.0000,1.1087,0.4460,5.1138,0.5333,0.2667,0.2000,0.7071,0.0000,4.8134,1.5043,1.0000
5,3,3866,3868,3,2,2,0.4167,3866.677,411.758,550.839,8.3435,15.0000,1.2097,1.0294,4.5133,0.6489,0.0995,0.2515,0.9362,0.2726,4.8141,1.5047,0.6935
7,3,3871,3874,4,2,2,0.4375,3872.701,587.897,427.299,9.9030,17.0000,1.3678,0.4351,5.1199,0.8040,0.0402,0.1558,0.9650,0.0194,3.6145,0.9037,0.5402
6,3,3871,3873,3,1,3,0.6667,3872.101,747.000,219.139,9.7120,17.0000,1.2911,0.1722,5.1192,0.6944,0.2222,0.0833,0.8000,0.0000,4.2160,1.8068,0.5949
10,3,3872,3875,4,3,3,0.2778,3873.549,597.811,365.156,11.6200,19.0000,1.5574,0.5129,5.7230,0.3371,0.4242,0.2387,0.7662,0.0000,3.9151,1.5058,0.4016
4,3,3874,3875,2,2,1,1.0000,3874.528,479.528,526.000,7.9827,14.0000,1.0566,0.7082,4.2176,0.0000,0.7500,0.2500,1.0000,0.0000,3.9161,0.6026,0.7925
5,3,3877,3879,3,2,2,0.4167,3878.348,622.696,234.783,9.3005,19.0000,1.3768,0.7518,5.7271,0.7729,0.0435,0.1836,0.8328,0.5477,4.5208,1.5070,0.6957
7,3,3880,3883,4,2,2,0.4375,3881.655,529.103,293.529,9.9158,16.0000,1.2874,0.8482,4.8243,0.7976,0.0792,0.1232,0.9682,0.0838,3.0162,0.6029,0.5287
5,3,3880,3881,2,2,2,0.6250,3880.600,637.154,187.615,8.7642,15.0000,1.1538,0.7291,4.5228,0.3432,0.2505,0.4063,0.6059,0.3645,4.8242,0.3015,0.6769
6,3,3880,3882,3,2,2,0.5000,3880.740,755.870,479.403,9.4779,16.0000,1.2468,0.9601,4.8236,0.5230,0.1584,0.3185,0.9225,0.0898,3.7687,0.6031,0.5844
7,3,3881,3883,3,3,1,0.7778,3882.304,667.946,421.000,10.4866,18.0000,1.3696,0.3092,5.4281,0.4747,0.4312,0.0941,0.5071,0.0000,3.9209,1.5079,0.5326
4,3,3883,3884,2,2,1,1.0000,3883.556,572.556,410.000,8.1441,15.0000,1.1111,0.7115,4.5248,0.0000,0.7500,0.2500,1.0000,0.0000,5.1278,1.2067,0.8333
4,3,3885,3887,3,1,2,0.6667,3886.459,414.000,183.295,9.2040,19.0000,1.2459,0.6162,5.7342,0.7500,0.1500,0.1000,0.9487,0.0000,5.2811,0.7544,0.8525
10,4,3890,3891,2,2,4,0.6250,3890.627,695.302,249.111,12.0322,14.0000,1.1111,1.3110,4.2279,0.7423,0.0509,0.2067,0.0243,0.2643,3.6240,0.3020,0.4444
6,3,3904,3906,3,2,2,0.5000,3904.852,283.395,581.691,10.0118,16.0000,1.1852,1.0894,4.8443,0.6381,0.1455,0.2164,0.8019,0.3768,4.5419,1.6653,0.5802
5,3,3904,3906,3,2,2,0.4167,3905.090,803.134,472.776,9.0722,18.0000,1.3433,0.2760,5.4499,0.6489,0.0995,0.2515,0.9362,0.2726,4.5406,1.5137,0.7015
3,3,3905,3906,2,1,2,0.7500,3905.667,552.000,452.333,7.3428,14.0000,1.0000,0.7454,4.2396,0.5333,0.2667,0.2000,0.7071,0.0000,3.9368,0.4544,1.0000
8,4,3907,3910,4,2,2,0.5000,3908.713,549.782,622.594,10.8198,18.0000,1.4257,0.9532,5.4532,0.7888,0.0442,0.1670,0.9171,0.1008,4.3941,1.6664,0.6040
5,3,3908,3910,3,2,1,0.8333,3908.824,786.632,441.000,9.2146,16.0000,1.1765,0.4078,4.8483,0.5854,0.2927,0.1220,0.9487,0.0000,4.5443,1.8178,0.6471
9,4,3911,3913,3,2,3,0.5000,3912.200,571.190,306.895,10.6129,15.0000,1.2857,0.2954,4.5492,0.5418,0.1816,0.2766,0.7831,0.3304,2.7297,0.6064,0.5524
4,3,3911,3912,2,1,2,1.0000,3911.547,957.000,371.547,8.0343,15.0000,1.1321,0.6404,4.5482,0.0000,0.7500,0.2500,0.0000,0.0000,4.2445,1.2127,0.8113
5,3,3913,3915,3,2,1,0.8333,3914.219,448.547,796.000,8.6826,15.0000,1.1719,0.9536,4.5512,0.5854,0.2927,0.1220,0.9487,0.0000,4.5500,0.6071,0.6719
4,3,3914,3916,3,1,2,0.6667,3915.077,591.000,449.462,7.8888,14.0000,1.0769,0.4679,4.2487,0.7576,0.1294,0.1129,0.8507,0.0000,4.5512,1.5170,0.8077
6,3,3917,3918,2,2,3,0.5000,3917.640,694.560,457.000,9.2956,17.0000,1.3600,0.7767,5.1603,0.4412,0.1872,0.3716,0.0000,0.0000,4.2502,1.6699,0.6267
6,3,3919,3922,4,2,2,0.3750,3920.679,607.846,217.333,9.6743,15.0000,1.1538,0.7723,4.5564,0.7351,0.1332,0.1317,0.9406,0.2762,4.2541,1.2149,0.5513
4,3,3931,3933,3,1,2,0.6667,3932.000,828.000,389.815,8.2262,16.0000,1.1852,0.1852,4.8748,0.5357,0.3214,0.1429,1.0000,0.0000,3.9608,0.6093,0.8148
7,3,3935,3936,2,3,3,0.3889,3935.570,787.000,271.535,9.9130,16.0000,1.3023,0.7815,4.8801,0.2873,0.4228,0.2899,0.3651,0.7685,3.9642,1.2200,0.5349
6,3,3939,3941,3,2,2,0.5000,3939.895,935.276,619.408,9.4739,16.0000,1.2632,1.2101,4.8871,0.4246,0.3485,0.2269,0.7895,0.0722,4.1218,1.8327,0.5921
14,4,3948,3950,3,4,3,0.3889,3949.125,770.440,950.113,13.7489,19.0000,1.5833,0.5844,5.8178,0.2107,0.4609,0.3284,0.3455,0.6060,3.2156,0.6132,0.3869
8,3,3968,3971,4,2,2,0.5000,3969.571,1004.214,890.194,10.6918,17.0000,1.3878,0.6403,5.2445,0.8472,0.0087,0.1441,0.9530,0.0000,3.7019,1.2337,0.4898
3,3,3977,3978,2,2,1,0.7500,3977.333,564.667,299.000,7.5103,14.0000,1.0000,0.7454,4.3376,0.5333,0.2667,0.2000,0.7071,0.0000,4.0255,0.7742,1.0000
7,3,3992,3994,3,2,2,0.5833,3992.976,965.600,394.694,10.0465,17.0000,1.4000,0.8015,5.3162,0.4296,0.3471,0.2233,0.9305,0.2273,3.4376,0.3136,0.5529
4,3,3996,3998,3,2,1,0.6667,3997.073,963.255,646.000,8.6265,15.0000,1.0909,0.2647,4.7089,0.5357,0.3214,0.1429,1.0000,0.0000,4.8619,1.7245,0.8000
25,9,4000,4003,4,4,4,0.3906,4001.502,134.739,768.464,18.3247,18.0000,1.5464,1.0047,5.6699,0.2975,0.3897,0.3128,0.2123,0.1399,2.8388,0.9424,0.4845
6,3,4013,4015,3,3,1,0.6667,4013.743,898.757,569.000,9.1055,15.0000,1.2857,0.7815,4.7756,0.4000,0.4800,0.1200,0.7071,0.0000,4.3006,1.4329,0.6143
8,3,4029,4031,3,3,2,0.4444,4030.112,597.157,293.764,10.2125,13.0000,1.1685,1.1479,4.2187,0.3983,0.3141,0.2875,0.9498,0.3112,4.0607,0.9747,0.4382
7,3,4035,4038,4,2,3,0.2917,4036.348,562.236,571.551,10.9954,18.0000,1.4157,0.6156,5.8813,0.3776,0.4833,0.1392,0.7926,0.0126,4.2417,1.3079,0.5393
6,3,4036,4038,3,2,2,0.5000,4036.640,809.427,306.720,10.0115,16.0000,1.2800,0.6245,5.2337,0.5943,0.2116,0.1941,0.8667,0.4967,4.5758,0.9802,0.6000
5,3,4042,4044,3,1,2,0.8333,4043.288,478.000,214.356,8.6892,14.0000,1.1864,0.4579,4.6138,0.5854,0.2927,0.1220,0.9487,0.0000,3.9545,0.8219,0.6949
5,3,4044,4045,2,3,1,0.8333,4044.344,935.797,533.000,9.4358,16.0000,1.2500,0.8679,5.2729,0.5854,0.2927,0.1220,0.3162,0.0000,3.9594,1.3179,0.6719
6,3,4044,4046,3,2,2,0.5000,4044.931,955.111,458.639,9.6960,16.0000,1.3333,0.6522,5.2782,0.7074,0.0897,0.2030,0.9140,0.2540,3.4633,0.6608,0.6111
4,3,4045,4048,4,1,1,1.0000,4046.404,874.000,491.000,8.5889,15.0000,1.1538,0.5962,4.9581,0.9375,0.0000,0.0625,1.0000,0.0000,4.7859,0.8251,0.8077
5,3,4049,4051,3,2,2,0.4167,4050.083,478.350,270.133,8.8947,16.0000,1.3333,0.3837,5.3034,0.1521,0.5234,0.3245,1.0000,0.0000,4.6408,1.4904,0.7167
8,3,4053,4056,4,2,2,0.5000,4054.365,1122.106,486.518,9.9979,14.0000,1.3176,1.4634,4.6600,0.7957,0.0895,0.1148,0.9717,0.1361,2.9950,0.6646,0.4824
6,3,4055,4056,2,2,2,0.7500,4055.500,656.643,897.243,9.5159,14.0000,1.2000,0.6607,4.6636,0.2000,0.3333,0.4667,0.0000,0.0000,3.8296,0.6661,0.5857
5,3,4057,4059,3,1,2,0.8333,4058.274,656.000,127.419,9.2517,15.0000,1.2097,0.5010,5.0041,0.5854,0.2927,0.1220,0.9487,0.0000,4.6733,1.1677,0.6774
9,3,4057,4060,4,2,2,0.5625,4058.758,989.473,1254.824,10.1246,14.0000,1.3846,0.5591,4.6737,0.5965,0.2191,0.1844,0.9935,0.0922,2.6708,0.6672,0.4396
